,names,DominantPollutant,aqi,PM10,dew,humidity,NO2,PM2,SO2,CO,O3,URL,Latitude,Longitude,datetime,ptu_id_1,ptu_id_2,ptu_id_3,ptu_id_4,ptu_id_5,ptu_id_6,label_1,label_2,label_3,label_4,label_5,label_6,ptu_ids,sample_values,ptu_labels
0,Abidjan,pm25,63,0,26.0,88.0,0.0,63,0.0,0.0,0.0,https://api.waqi.info/feed/Abidjan/?token=bd172ccd0d19725d38d3d7086152eb37525dfec4,5.36,-4.0083,2020-04-21 22:00:00,100,101,102,103,104,105,"""CO""","""NO2""","""O3""","""PM10""","""PM25""","""SO2""","[100,101,102,103,104,105]","[0.0,0.0,0.0,0,63,0.0]","[""CO"",""NO2"",""O3"",""PM10"",""PM25"",""SO2""]"
1,ACCRA,pm25,53,0,25.0,79.0,0.0,53,0.0,0.0,0.0,https://api.waqi.info/feed/ACCRA/?token=bd172ccd0d19725d38d3d7086152eb37525dfec4,5.580642,-0.170724,2020-04-21 22:00:00,100,101,102,103,104,105,"""CO""","""NO2""","""O3""","""PM10""","""PM25""","""SO2""","[100,101,102,103,104,105]","[0.0,0.0,0.0,0,53,0.0]","[""CO"",""NO2"",""O3"",""PM10"",""PM25"",""SO2""]"
2,Adana,pm10,20,20,13.0,53.0,16.0,0,6.5,1.2,16.1,https://api.waqi.info/feed/Adana/?token=bd172ccd0d19725d38d3d7086152eb37525dfec4,37.0040545100691,35.3440100793125,2020-04-15 10:00:00,100,101,102,103,104,105,"""CO""","""NO2""","""O3""","""PM10""","""PM25""","""SO2""","[100,101,102,103,104,105]","[1.2,16.0,16.1,20,0,6.5]","[""CO"",""NO2"",""O3"",""PM10"",""PM25"",""SO2""]"
3,ADDIS ABABA,pm25,76,0,12.0,77.0,0.0,76,0.0,0.0,0.0,https://api.waqi.info/feed/ADDIS%20ABABA/?token=bd172ccd0d19725d38d3d7086152eb37525dfec4,9.058498,38.761642,2020-04-22 01:00:00,100,101,102,103,104,105,"""CO""","""NO2""","""O3""","""PM10""","""PM25""","""SO2""","[100,101,102,103,104,105]","[0.0,0.0,0.0,0,76,0.0]","[""CO"",""NO2"",""O3"",""PM10"",""PM25"",""SO2""]"
4,Adelaide,pm25,27,25,0.0,94.0,3.2,27,0.0,0.9,0.0,https://api.waqi.info/feed/Adelaide/?token=bd172ccd0d19725d38d3d7086152eb37525dfec4,-34.929051,138.601092,2020-04-22 06:00:00,100,101,102,103,104,105,"""CO""","""NO2""","""O3""","""PM10""","""PM25""","""SO2""","[100,101,102,103,104,105]","[0.9,3.2,0.0,25,27,0.0]","[""CO"",""NO2"",""O3"",""PM10"",""PM25"",""SO2""]"
5,Agra,pm25,157,0,17.0,42.0,26.2,157,2.1,0.0,19.3,https://api.waqi.info/feed/Agra/?token=bd172ccd0d19725d38d3d7086152eb37525dfec4,27.19865833,78.00598056,2020-04-21 21:00:00,100,101,102,103,104,105,"""CO""","""NO2""","""O3""","""PM10""","""PM25""","""SO2""","[100,101,102,103,104,105]","[0.0,26.2,19.3,0,157,2.1]","[""CO"",""NO2"",""O3"",""PM10"",""PM25"",""SO2""]"
6,Ahmadabad,pm25,102,80,19.0,51.064750000000004,7.0,102,4.7,5.2,3.7,https://api.waqi.info/feed/Ahmadabad/?token=bd172ccd0d19725d38d3d7086152eb37525dfec4,22.9987886,72.6029661,2020-04-22 03:00:00,100,101,102,103,104,105,"""CO""","""NO2""","""O3""","""PM10""","""PM25""","""SO2""","[100,101,102,103,104,105]","[5.2,7.0,3.7,80,102,4.7]","[""CO"",""NO2"",""O3"",""PM10"",""PM25"",""SO2""]"
7,Alexandria,o3,19,0,-1.0,25.0,1.0,14,0.1,0.1,19.1,https://api.waqi.info/feed/Alexandria/?token=bd172ccd0d19725d38d3d7086152eb37525dfec4,38.8577,-77.05922,2020-04-21 17:00:00,100,101,102,103,104,105,"""CO""","""NO2""","""O3""","""PM10""","""PM25""","""SO2""","[100,101,102,103,104,105]","[0.1,1.0,19.1,0,14,0.1]","[""CO"",""NO2"",""O3"",""PM10"",""PM25"",""SO2""]"
8,ALGIERS,pm25,53,0,10.0,87.0,0.0,53,0.0,0.0,0.0,https://api.waqi.info/feed/ALGIERS/?token=bd172ccd0d19725d38d3d7086152eb37525dfec4,36.7558,3.039114,2020-04-21 23:00:00,100,101,102,103,104,105,"""CO""","""NO2""","""O3""","""PM10""","""PM25""","""SO2""","[100,101,102,103,104,105]","[0.0,0.0,0.0,0,53,0.0]","[""CO"",""NO2"",""O3"",""PM10"",""PM25"",""SO2""]"
9,ALMATY,pm25,21,0,5.0,62.0,0.0,21,0.0,0.0,0.0,https://api.waqi.info/feed/ALMATY/?token=bd172ccd0d19725d38d3d7086152eb37525dfec4,43.222,76.851,2020-04-22 04:00:00,100,101,102,103,104,105,"""CO""","""NO2""","""O3""","""PM10""","""PM25""","""SO2""","[100,101,102,103,104,105]","[0.0,0.0,0.0,0,21,0.0]","[""CO"",""NO2"",""O3"",""PM10"",""PM25"",""SO2""]"
10,AMMAN,pm10,33,33,14.0,72.0,7.7,0,1.6,0.0,0.0,https://api.waqi.info/feed/AMMAN/?token=bd172ccd0d19725d38d3d7086152eb37525dfec4,31.93544,35.94458,2020-04-21 22:00:00,100,101,102,103,104,105,"""CO""","""NO2""","""O3""","""PM10""","""PM25""","""SO2""","[100,101,102,103,104,105]","[0.0,7.7,0.0,33,0,1.6]","[""CO"",""NO2"",""O3"",""PM10"",""PM25"",""SO2""]"
11,Amritsar,pm10,34,34,16.0,54.5875,4.6,28,4.9,7.0,17.5,https://api.waqi.info/feed/Amritsar/?token=bd172ccd0d19725d38d3d7086152eb37525dfec4,31.6199803,74.8764849,2020-04-22 04:00:00,100,101,102,103,104,105,"""CO""","""NO2""","""O3""","""PM10""","""PM25""","""SO2""","[100,101,102,103,104,105]","[7.0,4.6,17.5,34,28,4.9]","[""CO"",""NO2"",""O3"",""PM10"",""PM25"",""SO2""]"
12,ANKARA,pm25,63,29,0.0,0.0,19.3,63,5.1,9.9,16.8,https://api.waqi.info/feed/ANKARA/?token=bd172ccd0d19725d38d3d7086152eb37525dfec4,39.92727454762165,32.85941127954306,2020-04-22 00:00:00,100,101,102,103,104,105,"""CO""","""NO2""","""O3""","""PM10""","""PM25""","""SO2""","[100,101,102,103,104,105]","[9.9,19.3,16.8,29,63,5.1]","[""CO"",""NO2"",""O3"",""PM10"",""PM25"",""SO2""]"
13,Anshan,pm10,118,118,0.0,59.0,19.2,102,20.8,29.0,15.9,https://api.waqi.info/feed/Anshan/?token=bd172ccd0d19725d38d3d7086152eb37525dfec4,41.108546,122.994646,2020-04-22 06:00:00,100,101,102,103,104,105,"""CO""","""NO2""","""O3""","""PM10""","""PM25""","""SO2""","[100,101,102,103,104,105]","[29.0,19.2,15.9,118,102,20.8]","[""CO"",""NO2"",""O3"",""PM10"",""PM25"",""SO2""]"
14,BAGHDAD,pm25,114,0,13.0,47.0,0.0,114,0.0,0.0,0.0,https://api.waqi.info/feed/BAGHDAD/?token=bd172ccd0d19725d38d3d7086152eb37525dfec4,33.3128,44.3615,2020-04-22 01:00:00,100,101,102,103,104,105,"""CO""","""NO2""","""O3""","""PM10""","""PM25""","""SO2""","[100,101,102,103,104,105]","[0.0,0.0,0.0,0,114,0.0]","[""CO"",""NO2"",""O3"",""PM10"",""PM25"",""SO2""]"
15,Bangalore,o3,13,23,12.5,79.0,5.0,53,0.0,4.4,13.3,https://api.waqi.info/feed/Bangalore/?token=bd172ccd0d19725d38d3d7086152eb37525dfec4,12.920984,77.584908,2020-04-22 04:00:00,100,101,102,103,104,105,"""CO""","""NO2""","""O3""","""PM10""","""PM25""","""SO2""","[100,101,102,103,104,105]","[4.4,5.0,13.3,23,53,0.0]","[""CO"",""NO2"",""O3"",""PM10"",""PM25"",""SO2""]"
16,BANGKOK,pm25,65,30,0.0,84.0,1.8,65,0.6,0.1,11.9,https://api.waqi.info/feed/BANGKOK/?token=bd172ccd0d19725d38d3d7086152eb37525dfec4,13.7563309,100.5017651,2020-04-22 04:00:00,100,101,102,103,104,105,"""CO""","""NO2""","""O3""","""PM10""","""PM25""","""SO2""","[100,101,102,103,104,105]","[0.1,1.8,11.9,30,65,0.6]","[""CO"",""NO2"",""O3"",""PM10"",""PM25"",""SO2""]"
17,Baotou,pm25,78,63,0.0,22.0,30.7,78,11.7,9.1,12.2,https://api.waqi.info/feed/Baotou/?token=bd172ccd0d19725d38d3d7086152eb37525dfec4,40.657449,109.840347,2020-04-22 06:00:00,100,101,102,103,104,105,"""CO""","""NO2""","""O3""","""PM10""","""PM25""","""SO2""","[100,101,102,103,104,105]","[9.1,30.7,12.2,63,78,11.7]","[""CO"",""NO2"",""O3"",""PM10"",""PM25"",""SO2""]"
18,Barcelona,pm10,5,5,0.0,92.1,6.9,0,0.6,0.1,25.6,https://api.waqi.info/feed/Barcelona/?token=bd172ccd0d19725d38d3d7086152eb37525dfec4,41.38534,2.153822,2020-04-21 22:00:00,100,101,102,103,104,105,"""CO""","""NO2""","""O3""","""PM10""","""PM25""","""SO2""","[100,101,102,103,104,105]","[0.1,6.9,25.6,5,0,0.6]","[""CO"",""NO2"",""O3"",""PM10"",""PM25"",""SO2""]"
19,BEIJING,pm10,17,17,0.0,13.5,5.5,13,0.6,1.9,25.2,https://api.waqi.info/feed/BEIJING/?token=bd172ccd0d19725d38d3d7086152eb37525dfec4,39.954592,116.468117,2020-04-22 06:00:00,100,101,102,103,104,105,"""CO""","""NO2""","""O3""","""PM10""","""PM25""","""SO2""","[100,101,102,103,104,105]","[1.9,5.5,25.2,17,13,0.6]","[""CO"",""NO2"",""O3"",""PM10"",""PM25"",""SO2""]"
20,Belem,pm25,89,55,0.0,36.2,25.3,89,0.0,3.4,0.0,https://api.waqi.info/feed/Belem/?token=bd172ccd0d19725d38d3d7086152eb37525dfec4,31.768319,35.21371,2020-04-22 00:00:00,100,101,102,103,104,105,"""CO""","""NO2""","""O3""","""PM10""","""PM25""","""SO2""","[100,101,102,103,104,105]","[3.4,25.3,0.0,55,89,0.0]","[""CO"",""NO2"",""O3"",""PM10"",""PM25"",""SO2""]"
21,BELGRADE,pm25,54,13,4.0,68.0,2.4,54,2.7,3.9,0.0,https://api.waqi.info/feed/BELGRADE/?token=bd172ccd0d19725d38d3d7086152eb37525dfec4,44.79880556,20.450305555556,2020-04-21 22:00:00,100,101,102,103,104,105,"""CO""","""NO2""","""O3""","""PM10""","""PM25""","""SO2""","[100,101,102,103,104,105]","[3.9,2.4,0.0,13,54,2.7]","[""CO"",""NO2"",""O3"",""PM10"",""PM25"",""SO2""]"
22,BERLIN,pm10,45,45,0.0,46.0,12.4,0,0.0,0.0,33.3,https://api.waqi.info/feed/BERLIN/?token=bd172ccd0d19725d38d3d7086152eb37525dfec4,52.5200066,13.404954,2020-04-22 00:00:00,100,101,102,103,104,105,"""CO""","""NO2""","""O3""","""PM10""","""PM25""","""SO2""","[100,101,102,103,104,105]","[0.0,12.4,33.3,45,0,0.0]","[""CO"",""NO2"",""O3"",""PM10"",""PM25"",""SO2""]"
23,Bhopal,pm25,155,75,12.8,33.0,7.8,155,8.7,7.5,17.2,https://api.waqi.info/feed/Bhopal/?token=bd172ccd0d19725d38d3d7086152eb37525dfec4,23.233584,77.400574,2020-04-22 04:00:00,100,101,102,103,104,105,"""CO""","""NO2""","""O3""","""PM10""","""PM25""","""SO2""","[100,101,102,103,104,105]","[7.5,7.8,17.2,75,155,8.7]","[""CO"",""NO2"",""O3"",""PM10"",""PM25"",""SO2""]"
24,Birmingham,pm25,52,24,0.0,82.0,3.8,52,0.0,0.0,31.3,https://api.waqi.info/feed/Birmingham/?token=bd172ccd0d19725d38d3d7086152eb37525dfec4,52.486243,-1.890401,2020-04-21 22:00:00,100,101,102,103,104,105,"""CO""","""NO2""","""O3""","""PM10""","""PM25""","""SO2""","[100,101,102,103,104,105]","[0.0,3.8,31.3,24,52,0.0]","[""CO"",""NO2"",""O3"",""PM10"",""PM25"",""SO2""]"
25,BOGOTA,pm25,59,10,12.0,67.0,3.5,59,0.5,4.6,7.6,https://api.waqi.info/feed/BOGOTA/?token=bd172ccd0d19725d38d3d7086152eb37525dfec4,4.5725,-74.0836,2020-04-21 17:00:00,100,101,102,103,104,105,"""CO""","""NO2""","""O3""","""PM10""","""PM25""","""SO2""","[100,101,102,103,104,105]","[4.6,3.5,7.6,10,59,0.5]","[""CO"",""NO2"",""O3"",""PM10"",""PM25"",""SO2""]"
26,BRASILIA,pm25,57,17,15.0,77.0,5.1,57,0.6,1.9,26.4,https://api.waqi.info/feed/BRASILIA/?token=bd172ccd0d19725d38d3d7086152eb37525dfec4,-23.618442773,-46.556353938,2020-04-21 19:00:00,100,101,102,103,104,105,"""CO""","""NO2""","""O3""","""PM10""","""PM25""","""SO2""","[100,101,102,103,104,105]","[1.9,5.1,26.4,17,57,0.6]","[""CO"",""NO2"",""O3"",""PM10"",""PM25"",""SO2""]"
27,Brisbane,pm25,63,28,0.0,65.6,0.0,63,0.0,0.0,0.0,https://api.waqi.info/feed/Brisbane/?token=bd172ccd0d19725d38d3d7086152eb37525dfec4,-27.4774,153.028,2020-04-22 08:00:00,100,101,102,103,104,105,"""CO""","""NO2""","""O3""","""PM10""","""PM25""","""SO2""","[100,101,102,103,104,105]","[0.0,0.0,0.0,28,63,0.0]","[""CO"",""NO2"",""O3"",""PM10"",""PM25"",""SO2""]"
28,BUCHAREST,pm10,16,16,-2.9,41.4,11.4,0,0.0,0.0,0.0,https://api.waqi.info/feed/BUCHAREST/?token=bd172ccd0d19725d38d3d7086152eb37525dfec4,44.435029,26.098609,2020-04-22 01:00:00,100,101,102,103,104,105,"""CO""","""NO2""","""O3""","""PM10""","""PM25""","""SO2""","[100,101,102,103,104,105]","[0.0,11.4,0.0,16,0,0.0]","[""CO"",""NO2"",""O3"",""PM10"",""PM25"",""SO2""]"
29,BUDAPEST,pm25,40,30,0.0,38.0,18.9,40,3.1,4.0,8.8,https://api.waqi.info/feed/BUDAPEST/?token=bd172ccd0d19725d38d3d7086152eb37525dfec4,47.508605,19.02764,2020-04-21 23:00:00,100,101,102,103,104,105,"""CO""","""NO2""","""O3""","""PM10""","""PM25""","""SO2""","[100,101,102,103,104,105]","[4.0,18.9,8.8,30,40,3.1]","[""CO"",""NO2"",""O3"",""PM10"",""PM25"",""SO2""]"
30,BUENOS AIRES,pm25,46,15,0.0,80.0,0.0,46,1.1,0.1,10.2,https://api.waqi.info/feed/BUENOS%20AIRES/?token=bd172ccd0d19725d38d3d7086152eb37525dfec4,-34.657988,-58.342538,2020-04-21 18:00:00,100,101,102,103,104,105,"""CO""","""NO2""","""O3""","""PM10""","""PM25""","""SO2""","[100,101,102,103,104,105]","[0.1,0.0,10.2,15,46,1.1]","[""CO"",""NO2"",""O3"",""PM10"",""PM25"",""SO2""]"
31,Bursa,pm10,32,32,4.5,73.0,14.3,74,5.2,21.6,16.4,https://api.waqi.info/feed/Bursa/?token=bd172ccd0d19725d38d3d7086152eb37525dfec4,40.19572,29.04588,2020-04-21 23:00:00,100,101,102,103,104,105,"""CO""","""NO2""","""O3""","""PM10""","""PM25""","""SO2""","[100,101,102,103,104,105]","[21.6,14.3,16.4,32,74,5.2]","[""CO"",""NO2"",""O3"",""PM10"",""PM25"",""SO2""]"
32,Busan,pm25,30,20,0.0,42.0,7.5,30,4.3,4.5,31.2,https://api.waqi.info/feed/Busan/?token=bd172ccd0d19725d38d3d7086152eb37525dfec4,35.1795543,129.0756416,2020-04-22 07:00:00,100,101,102,103,104,105,"""CO""","""NO2""","""O3""","""PM10""","""PM25""","""SO2""","[100,101,102,103,104,105]","[4.5,7.5,31.2,20,30,4.3]","[""CO"",""NO2"",""O3"",""PM10"",""PM25"",""SO2""]"
33,Campinas,pm10,15,15,10.0,41.0,0.0,0,0.0,3.7,0.0,https://api.waqi.info/feed/Campinas/?token=bd172ccd0d19725d38d3d7086152eb37525dfec4,-22.902524804,-47.057210743,2020-04-21 19:00:00,100,101,102,103,104,105,"""CO""","""NO2""","""O3""","""PM10""","""PM25""","""SO2""","[100,101,102,103,104,105]","[3.7,0.0,0.0,15,0,0.0]","[""CO"",""NO2"",""O3"",""PM10"",""PM25"",""SO2""]"
34,Changchun,pm25,17,9,0.0,80.0,6.4,17,1.1,3.2,20.4,https://api.waqi.info/feed/Changchun/?token=bd172ccd0d19725d38d3d7086152eb37525dfec4,43.816964,125.323471,2020-04-22 06:00:00,100,101,102,103,104,105,"""CO""","""NO2""","""O3""","""PM10""","""PM25""","""SO2""","[100,101,102,103,104,105]","[3.2,6.4,20.4,9,17,1.1]","[""CO"",""NO2"",""O3"",""PM10"",""PM25"",""SO2""]"
35,Changsha,pm25,153,44,0.0,100.0,7.4,153,3.6,6.4,14.7,https://api.waqi.info/feed/Changsha/?token=bd172ccd0d19725d38d3d7086152eb37525dfec4,28.228209,112.938814,2020-04-22 06:00:00,100,101,102,103,104,105,"""CO""","""NO2""","""O3""","""PM10""","""PM25""","""SO2""","[100,101,102,103,104,105]","[6.4,7.4,14.7,44,153,3.6]","[""CO"",""NO2"",""O3"",""PM10"",""PM25"",""SO2""]"
36,Changzhou,pm25,80,47,0.0,92.3,11.9,80,3.6,3.7,0.0,https://api.waqi.info/feed/Changzhou/?token=bd172ccd0d19725d38d3d7086152eb37525dfec4,31.810077,119.974454,2020-04-22 05:00:00,100,101,102,103,104,105,"""CO""","""NO2""","""O3""","""PM10""","""PM25""","""SO2""","[100,101,102,103,104,105]","[3.7,11.9,0.0,47,80,3.6]","[""CO"",""NO2"",""O3"",""PM10"",""PM25"",""SO2""]"
37,Chelyabinsk,pm25,72,21,7.0,100.0,2.9,72,0.0,30.7,39.9,https://api.waqi.info/feed/Chelyabinsk/?token=bd172ccd0d19725d38d3d7086152eb37525dfec4,55.17616,61.48267,2020-04-21 23:00:00,100,101,102,103,104,105,"""CO""","""NO2""","""O3""","""PM10""","""PM25""","""SO2""","[100,101,102,103,104,105]","[30.7,2.9,39.9,21,72,0.0]","[""CO"",""NO2"",""O3"",""PM10"",""PM25"",""SO2""]"
38,Chengdu,pm25,63,37,0.0,62.0,7.4,63,4.1,4.5,24.0,https://api.waqi.info/feed/Chengdu/?token=bd172ccd0d19725d38d3d7086152eb37525dfec4,30.6250145,104.0670559,2020-04-22 06:00:00,100,101,102,103,104,105,"""CO""","""NO2""","""O3""","""PM10""","""PM25""","""SO2""","[100,101,102,103,104,105]","[4.5,7.4,24.0,37,63,4.1]","[""CO"",""NO2"",""O3"",""PM10"",""PM25"",""SO2""]"
39,Chennai,pm25,38,0,0.0,80.0,0.0,38,0.0,0.0,0.0,https://api.waqi.info/feed/Chennai/?token=bd172ccd0d19725d38d3d7086152eb37525dfec4,13.08784,80.27847,2020-04-21 21:00:00,100,101,102,103,104,105,"""CO""","""NO2""","""O3""","""PM10""","""PM25""","""SO2""","[100,101,102,103,104,105]","[0.0,0.0,0.0,0,38,0.0]","[""CO"",""NO2"",""O3"",""PM10"",""PM25"",""SO2""]"
40,Chicago,,-,0,0.0,37.7,0.0,13,0.0,0.0,0.0,https://api.waqi.info/feed/Chicago/?token=bd172ccd0d19725d38d3d7086152eb37525dfec4,41.9136,-87.7239,2020-04-16 13:00:00,100,101,102,103,104,105,"""CO""","""NO2""","""O3""","""PM10""","""PM25""","""SO2""","[100,101,102,103,104,105]","[0.0,0.0,0.0,0,13,0.0]","[""CO"",""NO2"",""O3"",""PM10"",""PM25"",""SO2""]"
41,CONAKRY,pm25,114,0,24.0,74.0,0.0,114,0.0,0.0,0.0,https://api.waqi.info/feed/CONAKRY/?token=bd172ccd0d19725d38d3d7086152eb37525dfec4,9.5951,-13.6364,2020-04-21 22:00:00,100,101,102,103,104,105,"""CO""","""NO2""","""O3""","""PM10""","""PM25""","""SO2""","[100,101,102,103,104,105]","[0.0,0.0,0.0,0,114,0.0]","[""CO"",""NO2"",""O3"",""PM10"",""PM25"",""SO2""]"
42,COPENHAGEN,pm25,28,15,0.0,61.0,9.1,28,0.7,1.9,25.4,https://api.waqi.info/feed/COPENHAGEN/?token=bd172ccd0d19725d38d3d7086152eb37525dfec4,55.6750137,12.5693995,2020-04-21 22:00:00,100,101,102,103,104,105,"""CO""","""NO2""","""O3""","""PM10""","""PM25""","""SO2""","[100,101,102,103,104,105]","[1.9,9.1,25.4,15,28,0.7]","[""CO"",""NO2"",""O3"",""PM10"",""PM25"",""SO2""]"
43,Cordoba,o3,31,8,11.0,87.0,1.9,0,0.6,0.1,30.9,https://api.waqi.info/feed/Cordoba/?token=bd172ccd0d19725d38d3d7086152eb37525dfec4,37.8935004,-4.7711062,2020-04-21 20:00:00,100,101,102,103,104,105,"""CO""","""NO2""","""O3""","""PM10""","""PM25""","""SO2""","[100,101,102,103,104,105]","[0.1,1.9,30.9,8,0,0.6]","[""CO"",""NO2"",""O3"",""PM10"",""PM25"",""SO2""]"
44,Daegu,pm25,46,40,0.0,43.0,3.8,46,4.3,5.6,30.4,https://api.waqi.info/feed/Daegu/?token=bd172ccd0d19725d38d3d7086152eb37525dfec4,35.8714354,128.601445,2020-04-22 07:00:00,100,101,102,103,104,105,"""CO""","""NO2""","""O3""","""PM10""","""PM25""","""SO2""","[100,101,102,103,104,105]","[5.6,3.8,30.4,40,46,4.3]","[""CO"",""NO2"",""O3"",""PM10"",""PM25"",""SO2""]"
45,Daejon,pm10,51,51,0.0,48.0,11.2,34,4.3,4.5,22.4,https://api.waqi.info/feed/Daejon/?token=bd172ccd0d19725d38d3d7086152eb37525dfec4,36.3504119,127.3845475,2020-04-22 07:00:00,100,101,102,103,104,105,"""CO""","""NO2""","""O3""","""PM10""","""PM25""","""SO2""","[100,101,102,103,104,105]","[4.5,11.2,22.4,51,34,4.3]","[""CO"",""NO2"",""O3"",""PM10"",""PM25"",""SO2""]"
46,Dalian,pm10,63,63,0.0,26.0,4.6,42,3.1,3.7,28.9,https://api.waqi.info/feed/Dalian/?token=bd172ccd0d19725d38d3d7086152eb37525dfec4,38.914003,121.614682,2020-04-22 06:00:00,100,101,102,103,104,105,"""CO""","""NO2""","""O3""","""PM10""","""PM25""","""SO2""","[100,101,102,103,104,105]","[3.7,4.6,28.9,63,42,3.1]","[""CO"",""NO2"",""O3"",""PM10"",""PM25"",""SO2""]"
47,Dallas,o3,45,0,14.0,39.0,5.0,0,0.0,0.0,44.8,https://api.waqi.info/feed/Dallas/?token=bd172ccd0d19725d38d3d7086152eb37525dfec4,32.8200608,-96.8601165,2020-04-21 16:00:00,100,101,102,103,104,105,"""CO""","""NO2""","""O3""","""PM10""","""PM25""","""SO2""","[100,101,102,103,104,105]","[0.0,5.0,44.8,0,0,0.0]","[""CO"",""NO2"",""O3"",""PM10"",""PM25"",""SO2""]"
48,Datong,pm10,94,94,0.0,37.9,20.2,91,30.4,18.1,14.3,https://api.waqi.info/feed/Datong/?token=bd172ccd0d19725d38d3d7086152eb37525dfec4,40.076816,113.300126,2020-04-22 06:00:00,100,101,102,103,104,105,"""CO""","""NO2""","""O3""","""PM10""","""PM25""","""SO2""","[100,101,102,103,104,105]","[18.1,20.2,14.3,94,91,30.4]","[""CO"",""NO2"",""O3"",""PM10"",""PM25"",""SO2""]"
49,DELHI,pm25,152,0,12.0,44.0,0.0,152,0.0,0.0,0.0,https://api.waqi.info/feed/DELHI/?token=bd172ccd0d19725d38d3d7086152eb37525dfec4,28.63576,77.22445,2020-04-22 03:00:00,100,101,102,103,104,105,"""CO""","""NO2""","""O3""","""PM10""","""PM25""","""SO2""","[100,101,102,103,104,105]","[0.0,0.0,0.0,0,152,0.0]","[""CO"",""NO2"",""O3"",""PM10"",""PM25"",""SO2""]"
50,DHAKA,pm25,168,0,20.0,83.0,0.0,168,0.0,0.0,0.0,https://api.waqi.info/feed/DHAKA/?token=bd172ccd0d19725d38d3d7086152eb37525dfec4,23.796373,90.424614,2020-04-22 03:00:00,100,101,102,103,104,105,"""CO""","""NO2""","""O3""","""PM10""","""PM25""","""SO2""","[100,101,102,103,104,105]","[0.0,0.0,0.0,0,168,0.0]","[""CO"",""NO2"",""O3"",""PM10"",""PM25"",""SO2""]"
51,Dnipropetrovsk,pm25,18,8,-3.0,41.72,0.0,18,0.0,0.0,0.0,https://api.waqi.info/feed/Dnipropetrovsk/?token=bd172ccd0d19725d38d3d7086152eb37525dfec4,48.458139,35.052214,2020-04-22 02:00:00,100,101,102,103,104,105,"""CO""","""NO2""","""O3""","""PM10""","""PM25""","""SO2""","[100,101,102,103,104,105]","[0.0,0.0,0.0,8,18,0.0]","[""CO"",""NO2"",""O3"",""PM10"",""PM25"",""SO2""]"
52,Durban,pm25,59,26,0.0,94.0,0.0,59,3.7,0.0,0.0,https://api.waqi.info/feed/Durban/?token=bd172ccd0d19725d38d3d7086152eb37525dfec4,-29.858283,31.027286,2020-04-22 00:00:00,100,101,102,103,104,105,"""CO""","""NO2""","""O3""","""PM10""","""PM25""","""SO2""","[100,101,102,103,104,105]","[0.0,0.0,0.0,26,59,3.7]","[""CO"",""NO2"",""O3"",""PM10"",""PM25"",""SO2""]"
53,Ecatepec,pm25,72,48,0.0,30.0,8.4,72,4.3,6.7,68.6,https://api.waqi.info/feed/Ecatepec/?token=bd172ccd0d19725d38d3d7086152eb37525dfec4,19.532968,-99.030324,2020-04-21 17:00:00,100,101,102,103,104,105,"""CO""","""NO2""","""O3""","""PM10""","""PM25""","""SO2""","[100,101,102,103,104,105]","[6.7,8.4,68.6,48,72,4.3]","[""CO"",""NO2"",""O3"",""PM10"",""PM25"",""SO2""]"
54,Foshan,pm25,38,20,0.0,93.0,8.7,38,2.6,9.1,10.6,https://api.waqi.info/feed/Foshan/?token=bd172ccd0d19725d38d3d7086152eb37525dfec4,23.021548,113.121416,2020-04-22 06:00:00,100,101,102,103,104,105,"""CO""","""NO2""","""O3""","""PM10""","""PM25""","""SO2""","[100,101,102,103,104,105]","[9.1,8.7,10.6,20,38,2.6]","[""CO"",""NO2"",""O3"",""PM10"",""PM25"",""SO2""]"
55,Fukuoka,pm25,46,14,0.0,37.1,6.5,46,1.5,3.4,37.6,https://api.waqi.info/feed/Fukuoka/?token=bd172ccd0d19725d38d3d7086152eb37525dfec4,33.5903547,130.4017155,2020-04-22 06:00:00,100,101,102,103,104,105,"""CO""","""NO2""","""O3""","""PM10""","""PM25""","""SO2""","[100,101,102,103,104,105]","[3.4,6.5,37.6,14,46,1.5]","[""CO"",""NO2"",""O3"",""PM10"",""PM25"",""SO2""]"
56,Fuzhou,pm25,17,8,0.0,87.0,4.6,17,2.1,6.4,66.9,https://api.waqi.info/feed/Fuzhou/?token=bd172ccd0d19725d38d3d7086152eb37525dfec4,26.074508,119.296494,2020-04-22 06:00:00,100,101,102,103,104,105,"""CO""","""NO2""","""O3""","""PM10""","""PM25""","""SO2""","[100,101,102,103,104,105]","[6.4,4.6,66.9,8,17,2.1]","[""CO"",""NO2"",""O3"",""PM10"",""PM25"",""SO2""]"
57,Guadalajara,o3,54,34,0.0,9.0,7.1,0,0.0,1.7,53.6,https://api.waqi.info/feed/Guadalajara/?token=bd172ccd0d19725d38d3d7086152eb37525dfec4,20.680450840176,-103.39873310432,2020-04-21 17:00:00,100,101,102,103,104,105,"""CO""","""NO2""","""O3""","""PM10""","""PM25""","""SO2""","[100,101,102,103,104,105]","[1.7,7.1,53.6,34,0,0.0]","[""CO"",""NO2"",""O3"",""PM10"",""PM25"",""SO2""]"
58,Guangzhou,pm25,46,23,0.0,77.0,10.1,46,4.1,7.7,11.8,https://api.waqi.info/feed/Guangzhou/?token=bd172ccd0d19725d38d3d7086152eb37525dfec4,23.141191,113.258374,2020-04-22 06:00:00,100,101,102,103,104,105,"""CO""","""NO2""","""O3""","""PM10""","""PM25""","""SO2""","[100,101,102,103,104,105]","[7.7,10.1,11.8,23,46,4.1]","[""CO"",""NO2"",""O3"",""PM10"",""PM25"",""SO2""]"
59,Guarulhos,pm25,82,41,16.0,82.0,0.0,82,0.0,0.0,27.7,https://api.waqi.info/feed/Guarulhos/?token=bd172ccd0d19725d38d3d7086152eb37525dfec4,-23.455534258,-46.518533403,2020-04-21 19:00:00,100,101,102,103,104,105,"""CO""","""NO2""","""O3""","""PM10""","""PM25""","""SO2""","[100,101,102,103,104,105]","[0.0,0.0,27.7,41,82,0.0]","[""CO"",""NO2"",""O3"",""PM10"",""PM25"",""SO2""]"
60,Guiyang,pm25,63,30,0.0,87.0,4.6,63,3.6,3.7,76.7,https://api.waqi.info/feed/Guiyang/?token=bd172ccd0d19725d38d3d7086152eb37525dfec4,26.647661,106.630154,2020-04-22 06:00:00,100,101,102,103,104,105,"""CO""","""NO2""","""O3""","""PM10""","""PM25""","""SO2""","[100,101,102,103,104,105]","[3.7,4.6,76.7,30,63,3.6]","[""CO"",""NO2"",""O3"",""PM10"",""PM25"",""SO2""]"
61,Gwangju,pm10,64,64,0.0,32.0,8.4,13,2.9,4.5,32.8,https://api.waqi.info/feed/Gwangju/?token=bd172ccd0d19725d38d3d7086152eb37525dfec4,35.1595454,126.8526012,2020-04-22 07:00:00,100,101,102,103,104,105,"""CO""","""NO2""","""O3""","""PM10""","""PM25""","""SO2""","[100,101,102,103,104,105]","[4.5,8.4,32.8,64,13,2.9]","[""CO"",""NO2"",""O3"",""PM10"",""PM25"",""SO2""]"
62,Haiphong,pm25,14,8,23.4,93.0,1.0,14,24.0,0.0,0.0,https://api.waqi.info/feed/Haiphong/?token=bd172ccd0d19725d38d3d7086152eb37525dfec4,21.0357507,106.7641068,2020-04-22 03:00:00,100,101,102,103,104,105,"""CO""","""NO2""","""O3""","""PM10""","""PM25""","""SO2""","[100,101,102,103,104,105]","[0.0,1.0,0.0,8,14,24.0]","[""CO"",""NO2"",""O3"",""PM10"",""PM25"",""SO2""]"
63,Hamburg,o3,30,8,1.0,53.0,2.3,17,1.6,0.1,29.7,https://api.waqi.info/feed/Hamburg/?token=bd172ccd0d19725d38d3d7086152eb37525dfec4,53.59235,10.053724,2020-04-21 23:00:00,100,101,102,103,104,105,"""CO""","""NO2""","""O3""","""PM10""","""PM25""","""SO2""","[100,101,102,103,104,105]","[0.1,2.3,29.7,8,17,1.6]","[""CO"",""NO2"",""O3"",""PM10"",""PM25"",""SO2""]"
64,Handan,pm25,124,52,0.0,36.1,17.4,124,2.6,0.1,14.7,https://api.waqi.info/feed/Handan/?token=bd172ccd0d19725d38d3d7086152eb37525dfec4,36.625604,114.539085,2020-04-22 06:00:00,100,101,102,103,104,105,"""CO""","""NO2""","""O3""","""PM10""","""PM25""","""SO2""","[100,101,102,103,104,105]","[0.1,17.4,14.7,52,124,2.6]","[""CO"",""NO2"",""O3"",""PM10"",""PM25"",""SO2""]"
65,Hangzhou,pm25,85,36,0.0,93.0,19.2,85,6.1,5.5,9.0,https://api.waqi.info/feed/Hangzhou/?token=bd172ccd0d19725d38d3d7086152eb37525dfec4,30.274085,120.15507,2020-04-22 06:00:00,100,101,102,103,104,105,"""CO""","""NO2""","""O3""","""PM10""","""PM25""","""SO2""","[100,101,102,103,104,105]","[5.5,19.2,9.0,36,85,6.1]","[""CO"",""NO2"",""O3"",""PM10"",""PM25"",""SO2""]"
66,HANOI,pm25,137,0,23.0,88.0,1.0,137,2.6,0.1,5.7,https://api.waqi.info/feed/HANOI/?token=bd172ccd0d19725d38d3d7086152eb37525dfec4,21.0215063,105.8188748,2020-04-22 05:00:00,100,101,102,103,104,105,"""CO""","""NO2""","""O3""","""PM10""","""PM25""","""SO2""","[100,101,102,103,104,105]","[0.1,1.0,5.7,0,137,2.6]","[""CO"",""NO2"",""O3"",""PM10"",""PM25"",""SO2""]"
67,Haora,pm25,60,25,20.0,90.1625,5.5,60,2.5,2.9,0.7,https://api.waqi.info/feed/Haora/?token=bd172ccd0d19725d38d3d7086152eb37525dfec4,22.5707053,88.3008448,2020-04-22 03:00:00,100,101,102,103,104,105,"""CO""","""NO2""","""O3""","""PM10""","""PM25""","""SO2""","[100,101,102,103,104,105]","[2.9,5.5,0.7,25,60,2.5]","[""CO"",""NO2"",""O3"",""PM10"",""PM25"",""SO2""]"
68,Harbin,o3,35,9,-2.0,86.0,2.3,21,4.1,5.5,35.4,https://api.waqi.info/feed/Harbin/?token=bd172ccd0d19725d38d3d7086152eb37525dfec4,45.7258,126.646,2020-04-22 06:00:00,100,101,102,103,104,105,"""CO""","""NO2""","""O3""","""PM10""","""PM25""","""SO2""","[100,101,102,103,104,105]","[5.5,2.3,35.4,9,21,4.1]","[""CO"",""NO2"",""O3"",""PM10"",""PM25"",""SO2""]"
69,Hefei,pm25,97,62,0.0,87.0,30.7,97,10.2,5.5,4.1,https://api.waqi.info/feed/Hefei/?token=bd172ccd0d19725d38d3d7086152eb37525dfec4,31.821448,117.227271,2020-04-22 06:00:00,100,101,102,103,104,105,"""CO""","""NO2""","""O3""","""PM10""","""PM25""","""SO2""","[100,101,102,103,104,105]","[5.5,30.7,4.1,62,97,10.2]","[""CO"",""NO2"",""O3"",""PM10"",""PM25"",""SO2""]"
70,Hiroshima,pm25,17,11,0.0,33.1,7.5,17,1.5,2.3,37.6,https://api.waqi.info/feed/Hiroshima/?token=bd172ccd0d19725d38d3d7086152eb37525dfec4,34.3852029,132.4552927,2020-04-22 07:00:00,100,101,102,103,104,105,"""CO""","""NO2""","""O3""","""PM10""","""PM25""","""SO2""","[100,101,102,103,104,105]","[2.3,7.5,37.6,11,17,1.5]","[""CO"",""NO2"",""O3"",""PM10"",""PM25"",""SO2""]"
71,Ho Chi Minh,pm25,55,0,25.0,88.0,0.0,55,0.0,0.0,0.0,https://api.waqi.info/feed/Ho%20Chi%20Minh/?token=bd172ccd0d19725d38d3d7086152eb37525dfec4,10.782978,106.700711,2020-04-22 05:00:00,100,101,102,103,104,105,"""CO""","""NO2""","""O3""","""PM10""","""PM25""","""SO2""","[100,101,102,103,104,105]","[0.0,0.0,0.0,0,55,0.0]","[""CO"",""NO2"",""O3"",""PM10"",""PM25"",""SO2""]"
72,Hong Kong,pm25,56,23,0.0,88.0,9.8,56,1.7,6.2,19.9,https://api.waqi.info/feed/Hong%20Kong/?token=bd172ccd0d19725d38d3d7086152eb37525dfec4,22.2796569,114.1719873,2020-04-22 06:00:00,100,101,102,103,104,105,"""CO""","""NO2""","""O3""","""PM10""","""PM25""","""SO2""","[100,101,102,103,104,105]","[6.2,9.8,19.9,23,56,1.7]","[""CO"",""NO2"",""O3"",""PM10"",""PM25"",""SO2""]"
73,Houston,o3,43,0,16.0,45.0,18.4,29,0.0,2.3,43.2,https://api.waqi.info/feed/Houston/?token=bd172ccd0d19725d38d3d7086152eb37525dfec4,29.686389,-95.294722,2020-04-21 16:00:00,100,101,102,103,104,105,"""CO""","""NO2""","""O3""","""PM10""","""PM25""","""SO2""","[100,101,102,103,104,105]","[2.3,18.4,43.2,0,29,0.0]","[""CO"",""NO2"",""O3"",""PM10"",""PM25"",""SO2""]"
74,Hyderabad,pm25,68,0,17.0,38.0,0.0,68,0.0,0.0,0.0,https://api.waqi.info/feed/Hyderabad/?token=bd172ccd0d19725d38d3d7086152eb37525dfec4,17.38405,78.45636,2020-04-22 03:00:00,100,101,102,103,104,105,"""CO""","""NO2""","""O3""","""PM10""","""PM25""","""SO2""","[100,101,102,103,104,105]","[0.0,0.0,0.0,0,68,0.0]","[""CO"",""NO2"",""O3"",""PM10"",""PM25"",""SO2""]"
75,Hyderabad,pm25,68,0,17.0,38.0,0.0,68,0.0,0.0,0.0,https://api.waqi.info/feed/Hyderabad/?token=bd172ccd0d19725d38d3d7086152eb37525dfec4,17.38405,78.45636,2020-04-22 03:00:00,100,101,102,103,104,105,"""CO""","""NO2""","""O3""","""PM10""","""PM25""","""SO2""","[100,101,102,103,104,105]","[0.0,0.0,0.0,0,68,0.0]","[""CO"",""NO2"",""O3"",""PM10"",""PM25"",""SO2""]"
76,Incheon,pm10,84,84,0.0,46.0,12.1,21,5.8,5.6,23.3,https://api.waqi.info/feed/Incheon/?token=bd172ccd0d19725d38d3d7086152eb37525dfec4,37.4562557,126.7052062,2020-04-22 07:00:00,100,101,102,103,104,105,"""CO""","""NO2""","""O3""","""PM10""","""PM25""","""SO2""","[100,101,102,103,104,105]","[5.6,12.1,23.3,84,21,5.8]","[""CO"",""NO2"",""O3"",""PM10"",""PM25"",""SO2""]"
77,Indore,pm10,134,134,10.5,42.0,13.5,186,6.0,11.3,15.0,https://api.waqi.info/feed/Indore/?token=bd172ccd0d19725d38d3d7086152eb37525dfec4,22.719444,75.870278,2020-04-22 04:00:00,100,101,102,103,104,105,"""CO""","""NO2""","""O3""","""PM10""","""PM25""","""SO2""","[100,101,102,103,104,105]","[11.3,13.5,15.0,134,186,6.0]","[""CO"",""NO2"",""O3"",""PM10"",""PM25"",""SO2""]"
78,Istanbul,pm10,19,19,2.0,57.0,12.6,26,0.8,3.9,18.7,https://api.waqi.info/feed/Istanbul/?token=bd172ccd0d19725d38d3d7086152eb37525dfec4,41.0025,28.975278,2020-04-22 00:00:00,100,101,102,103,104,105,"""CO""","""NO2""","""O3""","""PM10""","""PM25""","""SO2""","[100,101,102,103,104,105]","[3.9,12.6,18.7,19,26,0.8]","[""CO"",""NO2"",""O3"",""PM10"",""PM25"",""SO2""]"
79,Izmir,pm10,30,30,9.0,71.0,2.8,0,3.4,0.0,0.0,https://api.waqi.info/feed/Izmir/?token=bd172ccd0d19725d38d3d7086152eb37525dfec4,38.432222,27.144444,2020-04-22 00:00:00,100,101,102,103,104,105,"""CO""","""NO2""","""O3""","""PM10""","""PM25""","""SO2""","[100,101,102,103,104,105]","[0.0,2.8,0.0,30,0,3.4]","[""CO"",""NO2"",""O3"",""PM10"",""PM25"",""SO2""]"
80,Jaipur,pm25,66,51,10.0,31.11,5.9,66,7.3,4.8,24.4,https://api.waqi.info/feed/Jaipur/?token=bd172ccd0d19725d38d3d7086152eb37525dfec4,26.9405166,75.8007016,2020-04-22 03:00:00,100,101,102,103,104,105,"""CO""","""NO2""","""O3""","""PM10""","""PM25""","""SO2""","[100,101,102,103,104,105]","[4.8,5.9,24.4,51,66,7.3]","[""CO"",""NO2"",""O3"",""PM10"",""PM25"",""SO2""]"
81,JAKARTA,pm25,180,66,24.0,94.0,0.0,180,0.0,0.0,0.0,https://api.waqi.info/feed/JAKARTA/?token=bd172ccd0d19725d38d3d7086152eb37525dfec4,-6.182536,106.834236,2020-04-22 05:00:00,100,101,102,103,104,105,"""CO""","""NO2""","""O3""","""PM10""","""PM25""","""SO2""","[100,101,102,103,104,105]","[0.0,0.0,0.0,66,180,0.0]","[""CO"",""NO2"",""O3"",""PM10"",""PM25"",""SO2""]"
82,Jeddah,pm10,17,17,17.0,64.0,3.0,0,2.0,4.0,17.0,https://api.waqi.info/feed/Jeddah/?token=bd172ccd0d19725d38d3d7086152eb37525dfec4,21.524667,39.203088,2020-04-21 00:50:00,100,101,102,103,104,105,"""CO""","""NO2""","""O3""","""PM10""","""PM25""","""SO2""","[100,101,102,103,104,105]","[4.0,3.0,17.0,17,0,2.0]","[""CO"",""NO2"",""O3"",""PM10"",""PM25"",""SO2""]"
83,Jilin,pm25,46,20,0.0,80.0,5.5,46,4.6,7.3,26.0,https://api.waqi.info/feed/Jilin/?token=bd172ccd0d19725d38d3d7086152eb37525dfec4,43.837883,126.549572,2020-04-22 06:00:00,100,101,102,103,104,105,"""CO""","""NO2""","""O3""","""PM10""","""PM25""","""SO2""","[100,101,102,103,104,105]","[7.3,5.5,26.0,20,46,4.6]","[""CO"",""NO2"",""O3"",""PM10"",""PM25"",""SO2""]"
84,Jinan,pm10,54,54,0.0,32.0,14.2,46,7.1,0.1,72.1,https://api.waqi.info/feed/Jinan/?token=bd172ccd0d19725d38d3d7086152eb37525dfec4,36.650997,117.120497,2020-04-22 06:00:00,100,101,102,103,104,105,"""CO""","""NO2""","""O3""","""PM10""","""PM25""","""SO2""","[100,101,102,103,104,105]","[0.1,14.2,72.1,54,46,7.1]","[""CO"",""NO2"",""O3"",""PM10"",""PM25"",""SO2""]"
85,Johannesburg,pm25,61,25,0.0,57.8,5.5,61,8.7,9.6,0.0,https://api.waqi.info/feed/Johannesburg/?token=bd172ccd0d19725d38d3d7086152eb37525dfec4,-26.178666,28.13314,2020-04-22 00:00:00,100,101,102,103,104,105,"""CO""","""NO2""","""O3""","""PM10""","""PM25""","""SO2""","[100,101,102,103,104,105]","[9.6,5.5,0.0,25,61,8.7]","[""CO"",""NO2"",""O3"",""PM10"",""PM25"",""SO2""]"
86,KABUL,pm25,149,0,6.0,76.0,0.0,149,0.0,0.0,0.0,https://api.waqi.info/feed/KABUL/?token=bd172ccd0d19725d38d3d7086152eb37525dfec4,34.554382,69.2046,2020-04-22 02:00:00,100,101,102,103,104,105,"""CO""","""NO2""","""O3""","""PM10""","""PM25""","""SO2""","[100,101,102,103,104,105]","[0.0,0.0,0.0,0,149,0.0]","[""CO"",""NO2"",""O3"",""PM10"",""PM25"",""SO2""]"
87,Kanpur,pm25,107,0,18.0,64.0,5.8,107,7.7,0.0,19.0,https://api.waqi.info/feed/Kanpur/?token=bd172ccd0d19725d38d3d7086152eb37525dfec4,26.4703088,80.3251749,2020-04-22 04:00:00,100,101,102,103,104,105,"""CO""","""NO2""","""O3""","""PM10""","""PM25""","""SO2""","[100,101,102,103,104,105]","[0.0,5.8,19.0,0,107,7.7]","[""CO"",""NO2"",""O3"",""PM10"",""PM25"",""SO2""]"
88,Kaohsiung,pm25,95,48,0.0,83.0,11.9,95,5.8,7.3,19.2,https://api.waqi.info/feed/Kaohsiung/?token=bd172ccd0d19725d38d3d7086152eb37525dfec4,22.608711,120.312017,2020-04-22 06:00:00,100,101,102,103,104,105,"""CO""","""NO2""","""O3""","""PM10""","""PM25""","""SO2""","[100,101,102,103,104,105]","[7.3,11.9,19.2,48,95,5.8]","[""CO"",""NO2"",""O3"",""PM10"",""PM25"",""SO2""]"
89,Karachi,pm25,66,0,20.0,46.0,0.0,66,0.0,0.0,0.0,https://api.waqi.info/feed/Karachi/?token=bd172ccd0d19725d38d3d7086152eb37525dfec4,24.8415,67.0091,2020-04-21 16:00:00,100,101,102,103,104,105,"""CO""","""NO2""","""O3""","""PM10""","""PM25""","""SO2""","[100,101,102,103,104,105]","[0.0,0.0,0.0,0,66,0.0]","[""CO"",""NO2"",""O3"",""PM10"",""PM25"",""SO2""]"
90,Kawasaki,pm25,34,15,0.0,76.0,11.2,34,1.5,4.5,21.6,https://api.waqi.info/feed/Kawasaki/?token=bd172ccd0d19725d38d3d7086152eb37525dfec4,35.5309058,139.7030511,2020-04-22 06:00:00,100,101,102,103,104,105,"""CO""","""NO2""","""O3""","""PM10""","""PM25""","""SO2""","[100,101,102,103,104,105]","[4.5,11.2,21.6,15,34,1.5]","[""CO"",""NO2"",""O3"",""PM10"",""PM25"",""SO2""]"
91,KIEV,pm25,10,5,0.0,95.6,0.0,10,0.0,0.0,0.0,https://api.waqi.info/feed/KIEV/?token=bd172ccd0d19725d38d3d7086152eb37525dfec4,50.444,30.54,2020-04-22 02:00:00,100,101,102,103,104,105,"""CO""","""NO2""","""O3""","""PM10""","""PM25""","""SO2""","[100,101,102,103,104,105]","[0.0,0.0,0.0,5,10,0.0]","[""CO"",""NO2"",""O3"",""PM10"",""PM25"",""SO2""]"
92,Kitakyushu,,-,6,0.0,48.0,3.8,17,1.5,1.2,36.1,https://api.waqi.info/feed/Kitakyushu/?token=bd172ccd0d19725d38d3d7086152eb37525dfec4,33.8834093,130.8752161,2020-04-21 20:00:00,100,101,102,103,104,105,"""CO""","""NO2""","""O3""","""PM10""","""PM25""","""SO2""","[100,101,102,103,104,105]","[1.2,3.8,36.1,6,17,1.5]","[""CO"",""NO2"",""O3"",""PM10"",""PM25"",""SO2""]"
93,Kobe,pm25,42,8,0.0,41.1,1.9,42,1.5,2.3,37.6,https://api.waqi.info/feed/Kobe/?token=bd172ccd0d19725d38d3d7086152eb37525dfec4,34.690083,135.1955112,2020-04-22 07:00:00,100,101,102,103,104,105,"""CO""","""NO2""","""O3""","""PM10""","""PM25""","""SO2""","[100,101,102,103,104,105]","[2.3,1.9,37.6,8,42,1.5]","[""CO"",""NO2"",""O3"",""PM10"",""PM25"",""SO2""]"
94,Kolkata,pm25,50,0,20.5,97.0,0.0,50,0.0,0.0,0.0,https://api.waqi.info/feed/Kolkata/?token=bd172ccd0d19725d38d3d7086152eb37525dfec4,22.56263,88.36304,2020-04-22 03:00:00,100,101,102,103,104,105,"""CO""","""NO2""","""O3""","""PM10""","""PM25""","""SO2""","[100,101,102,103,104,105]","[0.0,0.0,0.0,0,50,0.0]","[""CO"",""NO2"",""O3"",""PM10"",""PM25"",""SO2""]"
95,Kowloon,pm25,56,23,0.0,88.0,9.8,56,1.7,6.2,19.9,https://api.waqi.info/feed/Kowloon/?token=bd172ccd0d19725d38d3d7086152eb37525dfec4,22.396428,114.109497,2020-04-22 06:00:00,100,101,102,103,104,105,"""CO""","""NO2""","""O3""","""PM10""","""PM25""","""SO2""","[100,101,102,103,104,105]","[6.2,9.8,19.9,23,56,1.7]","[""CO"",""NO2"",""O3"",""PM10"",""PM25"",""SO2""]"
96,KUALA LUMPUR,,55,0,0.0,94.0,0.0,0,0.0,0.0,0.0,https://api.waqi.info/feed/KUALA%20LUMPUR/?token=bd172ccd0d19725d38d3d7086152eb37525dfec4,3.139003,101.686855,2020-04-22 06:00:00,100,101,102,103,104,105,"""CO""","""NO2""","""O3""","""PM10""","""PM25""","""SO2""","[100,101,102,103,104,105]","[0.0,0.0,0.0,0,0,0.0]","[""CO"",""NO2"",""O3"",""PM10"",""PM25"",""SO2""]"
97,Kunming,pm25,112,50,0.0,63.0,8.3,112,3.1,6.4,39.4,https://api.waqi.info/feed/Kunming/?token=bd172ccd0d19725d38d3d7086152eb37525dfec4,24.880182,102.832861,2020-04-22 06:00:00,100,101,102,103,104,105,"""CO""","""NO2""","""O3""","""PM10""","""PM25""","""SO2""","[100,101,102,103,104,105]","[6.4,8.3,39.4,50,112,3.1]","[""CO"",""NO2"",""O3"",""PM10"",""PM25"",""SO2""]"
98,Kyoto,pm25,30,14,0.0,56.3,1.9,30,4.3,2.3,32.8,https://api.waqi.info/feed/Kyoto/?token=bd172ccd0d19725d38d3d7086152eb37525dfec4,35.0116363,135.7680294,2020-04-22 06:00:00,100,101,102,103,104,105,"""CO""","""NO2""","""O3""","""PM10""","""PM25""","""SO2""","[100,101,102,103,104,105]","[2.3,1.9,32.8,14,30,4.3]","[""CO"",""NO2"",""O3"",""PM10"",""PM25"",""SO2""]"
99,Lahore,pm25,336,0,16.0,73.0,0.0,336,0.0,0.0,0.0,https://api.waqi.info/feed/Lahore/?token=bd172ccd0d19725d38d3d7086152eb37525dfec4,31.560078,74.33589,2020-04-22 03:00:00,100,101,102,103,104,105,"""CO""","""NO2""","""O3""","""PM10""","""PM25""","""SO2""","[100,101,102,103,104,105]","[0.0,0.0,0.0,0,336,0.0]","[""CO"",""NO2"",""O3"",""PM10"",""PM25"",""SO2""]"
100,Lanzhou,pm25,85,65,0.0,54.0,26.6,85,4.1,7.3,2.9,https://api.waqi.info/feed/Lanzhou/?token=bd172ccd0d19725d38d3d7086152eb37525dfec4,36.061255,103.834377,2020-04-22 06:00:00,100,101,102,103,104,105,"""CO""","""NO2""","""O3""","""PM10""","""PM25""","""SO2""","[100,101,102,103,104,105]","[7.3,26.6,2.9,65,85,4.1]","[""CO"",""NO2"",""O3"",""PM10"",""PM25"",""SO2""]"
101,Leon,o3,33,10,0.0,0.0,4.2,0,0.6,0.1,32.9,https://api.waqi.info/feed/Leon/?token=bd172ccd0d19725d38d3d7086152eb37525dfec4,42.603888888889,-5.587222222222,2020-04-21 21:00:00,100,101,102,103,104,105,"""CO""","""NO2""","""O3""","""PM10""","""PM25""","""SO2""","[100,101,102,103,104,105]","[0.1,4.2,32.9,10,0,0.6]","[""CO"",""NO2"",""O3"",""PM10"",""PM25"",""SO2""]"
102,LIMA,pm25,40,16,16.5,66.8,21.5,40,0.0,0.5,26.0,https://api.waqi.info/feed/LIMA/?token=bd172ccd0d19725d38d3d7086152eb37525dfec4,-12.07053,-77.04317,2020-04-21 17:00:00,100,101,102,103,104,105,"""CO""","""NO2""","""O3""","""PM10""","""PM25""","""SO2""","[100,101,102,103,104,105]","[0.5,21.5,26.0,16,40,0.0]","[""CO"",""NO2"",""O3"",""PM10"",""PM25"",""SO2""]"
103,LONDON,pm25,51,38,0.0,70.6,12.3,51,7.6,3.3,30.9,https://api.waqi.info/feed/LONDON/?token=bd172ccd0d19725d38d3d7086152eb37525dfec4,51.5073509,-0.1277583,2020-04-21 22:00:00,100,101,102,103,104,105,"""CO""","""NO2""","""O3""","""PM10""","""PM25""","""SO2""","[100,101,102,103,104,105]","[3.3,12.3,30.9,38,51,7.6]","[""CO"",""NO2"",""O3"",""PM10"",""PM25"",""SO2""]"
104,Los Angeles,o3,31,19,0.0,55.6,4.7,25,0.0,2.5,31.2,https://api.waqi.info/feed/Los%20Angeles/?token=bd172ccd0d19725d38d3d7086152eb37525dfec4,34.06653,-118.22676,2020-04-21 14:00:00,100,101,102,103,104,105,"""CO""","""NO2""","""O3""","""PM10""","""PM25""","""SO2""","[100,101,102,103,104,105]","[2.5,4.7,31.2,19,25,0.0]","[""CO"",""NO2"",""O3"",""PM10"",""PM25"",""SO2""]"
105,Lucknow,pm25,151,0,18.0,66.74249999999999,7.7,151,3.1,10.1,2.9,https://api.waqi.info/feed/Lucknow/?token=bd172ccd0d19725d38d3d7086152eb37525dfec4,26.84578611,80.93874444,2020-04-22 03:00:00,100,101,102,103,104,105,"""CO""","""NO2""","""O3""","""PM10""","""PM25""","""SO2""","[100,101,102,103,104,105]","[10.1,7.7,2.9,0,151,3.1]","[""CO"",""NO2"",""O3"",""PM10"",""PM25"",""SO2""]"
106,Ludhiana,pm25,42,25,10.3,77.5575,7.5,42,5.7,5.0,5.6,https://api.waqi.info/feed/Ludhiana/?token=bd172ccd0d19725d38d3d7086152eb37525dfec4,30.9019147,75.8077749,2020-04-22 03:00:00,100,101,102,103,104,105,"""CO""","""NO2""","""O3""","""PM10""","""PM25""","""SO2""","[100,101,102,103,104,105]","[5.0,7.5,5.6,25,42,5.7]","[""CO"",""NO2"",""O3"",""PM10"",""PM25"",""SO2""]"
107,Luoyang,pm25,112,76,0.0,47.9,22.9,112,8.2,7.3,20.4,https://api.waqi.info/feed/Luoyang/?token=bd172ccd0d19725d38d3d7086152eb37525dfec4,34.618452,112.45429,2020-04-22 06:00:00,100,101,102,103,104,105,"""CO""","""NO2""","""O3""","""PM10""","""PM25""","""SO2""","[100,101,102,103,104,105]","[7.3,22.9,20.4,76,112,8.2]","[""CO"",""NO2"",""O3"",""PM10"",""PM25"",""SO2""]"
108,MADRID,pm25,9,3,0.0,65.0,2.3,9,2.1,0.1,30.9,https://api.waqi.info/feed/MADRID/?token=bd172ccd0d19725d38d3d7086152eb37525dfec4,40.4167754,-3.7037902,2020-04-22 00:00:00,100,101,102,103,104,105,"""CO""","""NO2""","""O3""","""PM10""","""PM25""","""SO2""","[100,101,102,103,104,105]","[0.1,2.3,30.9,3,9,2.1]","[""CO"",""NO2"",""O3"",""PM10"",""PM25"",""SO2""]"
109,MANILA,,-,0,0.0,48.0,0.0,0,0.0,0.0,0.0,https://api.waqi.info/feed/MANILA/?token=bd172ccd0d19725d38d3d7086152eb37525dfec4,14.5995124,120.9842195,,100,101,102,103,104,105,"""CO""","""NO2""","""O3""","""PM10""","""PM25""","""SO2""","[100,101,102,103,104,105]","[0.0,0.0,0.0,0,0,0.0]","[""CO"",""NO2"",""O3"",""PM10"",""PM25"",""SO2""]"
110,Mashhad,pm25,82,28,10.0,72.0,0.0,82,0.0,32.0,0.0,https://api.waqi.info/feed/Mashhad/?token=bd172ccd0d19725d38d3d7086152eb37525dfec4,36.3382,59.5853,2020-04-22 02:00:00,100,101,102,103,104,105,"""CO""","""NO2""","""O3""","""PM10""","""PM25""","""SO2""","[100,101,102,103,104,105]","[32.0,0.0,0.0,28,82,0.0]","[""CO"",""NO2"",""O3"",""PM10"",""PM25"",""SO2""]"
111,Mecca,pm10,79,79,9.0,52.0,1.0,0,2.0,13.0,31.0,https://api.waqi.info/feed/Mecca/?token=bd172ccd0d19725d38d3d7086152eb37525dfec4,21.42463611,39.82916667,2020-04-21 00:50:00,100,101,102,103,104,105,"""CO""","""NO2""","""O3""","""PM10""","""PM25""","""SO2""","[100,101,102,103,104,105]","[13.0,1.0,31.0,79,0,2.0]","[""CO"",""NO2"",""O3"",""PM10"",""PM25"",""SO2""]"
112,Medan,pm10,26,26,27.0,84.0,0.0,0,0.0,0.0,0.0,https://api.waqi.info/feed/Medan/?token=bd172ccd0d19725d38d3d7086152eb37525dfec4,3.5951956,98.6722227,2020-04-02 16:00:00,100,101,102,103,104,105,"""CO""","""NO2""","""O3""","""PM10""","""PM25""","""SO2""","[100,101,102,103,104,105]","[0.0,0.0,0.0,26,0,0.0]","[""CO"",""NO2"",""O3"",""PM10"",""PM25"",""SO2""]"
113,Medellin,pm25,70,32,0.0,87.5,0.0,70,0.0,0.0,0.0,https://api.waqi.info/feed/Medellin/?token=bd172ccd0d19725d38d3d7086152eb37525dfec4,6.252763,-75.569404,2020-04-21 17:00:00,100,101,102,103,104,105,"""CO""","""NO2""","""O3""","""PM10""","""PM25""","""SO2""","[100,101,102,103,104,105]","[0.0,0.0,0.0,32,70,0.0]","[""CO"",""NO2"",""O3"",""PM10"",""PM25"",""SO2""]"
114,Medina,pm10,22,22,0.0,0.0,26.0,0,3.0,7.0,86.0,https://api.waqi.info/feed/Medina/?token=bd172ccd0d19725d38d3d7086152eb37525dfec4,24.491075,39.58805556,2019-08-27 09:00:00,100,101,102,103,104,105,"""CO""","""NO2""","""O3""","""PM10""","""PM25""","""SO2""","[100,101,102,103,104,105]","[7.0,26.0,86.0,22,0,3.0]","[""CO"",""NO2"",""O3"",""PM10"",""PM25"",""SO2""]"
115,Meerut,pm25,173,115,12.0,51.0,20.0,173,13.6,27.2,2.0,https://api.waqi.info/feed/Meerut/?token=bd172ccd0d19725d38d3d7086152eb37525dfec4,29.06351,77.709723,2020-04-22 04:00:00,100,101,102,103,104,105,"""CO""","""NO2""","""O3""","""PM10""","""PM25""","""SO2""","[100,101,102,103,104,105]","[27.2,20.0,2.0,115,173,13.6]","[""CO"",""NO2"",""O3"",""PM10"",""PM25"",""SO2""]"
116,Melbourne,pm25,9,11,9.4,70.1,3.8,9,1.1,0.7,14.5,https://api.waqi.info/feed/Melbourne/?token=bd172ccd0d19725d38d3d7086152eb37525dfec4,-37.8073959,144.97,2020-04-22 08:00:00,100,101,102,103,104,105,"""CO""","""NO2""","""O3""","""PM10""","""PM25""","""SO2""","[100,101,102,103,104,105]","[0.7,3.8,14.5,11,9,1.1]","[""CO"",""NO2"",""O3"",""PM10"",""PM25"",""SO2""]"
117,Mexicali,pm25,181,0,0.0,0.0,28.8,181,0.0,0.0,22.5,https://api.waqi.info/feed/Mexicali/?token=bd172ccd0d19725d38d3d7086152eb37525dfec4,32.603638888889,-115.4859444444,2019-12-14 01:00:00,100,101,102,103,104,105,"""CO""","""NO2""","""O3""","""PM10""","""PM25""","""SO2""","[100,101,102,103,104,105]","[0.0,28.8,22.5,0,181,0.0]","[""CO"",""NO2"",""O3"",""PM10"",""PM25"",""SO2""]"
118,MEXICO CITY,pm25,95,58,0.0,30.0,10.2,95,4.3,10.0,93.0,https://api.waqi.info/feed/MEXICO%20CITY/?token=bd172ccd0d19725d38d3d7086152eb37525dfec4,19.42461,-99.119594,2020-04-21 16:00:00,100,101,102,103,104,105,"""CO""","""NO2""","""O3""","""PM10""","""PM25""","""SO2""","[100,101,102,103,104,105]","[10.0,10.2,93.0,58,95,4.3]","[""CO"",""NO2"",""O3"",""PM10"",""PM25"",""SO2""]"
119,Milan,pm25,34,20,0.0,92.0,12.8,34,0.0,0.1,0.0,https://api.waqi.info/feed/Milan/?token=bd172ccd0d19725d38d3d7086152eb37525dfec4,45.470501,9.19746075,2020-04-19 23:00:00,100,101,102,103,104,105,"""CO""","""NO2""","""O3""","""PM10""","""PM25""","""SO2""","[100,101,102,103,104,105]","[0.1,12.8,0.0,20,34,0.0]","[""CO"",""NO2"",""O3"",""PM10"",""PM25"",""SO2""]"
120,Monterrey,pm10,65,65,0.0,61.5,0.0,50,11.0,37.6,0.8,https://api.waqi.info/feed/Monterrey/?token=bd172ccd0d19725d38d3d7086152eb37525dfec4,25.73,-100.30972222222,2020-04-21 16:00:00,100,101,102,103,104,105,"""CO""","""NO2""","""O3""","""PM10""","""PM25""","""SO2""","[100,101,102,103,104,105]","[37.6,0.0,0.8,65,50,11.0]","[""CO"",""NO2"",""O3"",""PM10"",""PM25"",""SO2""]"
121,Montreal,pm25,9,0,0.0,65.0,3.7,9,5.1,6.4,23.0,https://api.waqi.info/feed/Montreal/?token=bd172ccd0d19725d38d3d7086152eb37525dfec4,45.5086699,-73.5539925,2020-04-21 17:00:00,100,101,102,103,104,105,"""CO""","""NO2""","""O3""","""PM10""","""PM25""","""SO2""","[100,101,102,103,104,105]","[6.4,3.7,23.0,0,9,5.1]","[""CO"",""NO2"",""O3"",""PM10"",""PM25"",""SO2""]"
122,MOSCOW,pm25,30,12,-4.0,52.0,6.8,30,2.4,3.7,22.4,https://api.waqi.info/feed/MOSCOW/?token=bd172ccd0d19725d38d3d7086152eb37525dfec4,55.759354,37.595584,2020-04-22 01:00:00,100,101,102,103,104,105,"""CO""","""NO2""","""O3""","""PM10""","""PM25""","""SO2""","[100,101,102,103,104,105]","[3.7,6.8,22.4,12,30,2.4]","[""CO"",""NO2"",""O3"",""PM10"",""PM25"",""SO2""]"
123,Mumbai,pm25,61,0,25.0,83.0,0.0,61,0.0,0.0,0.0,https://api.waqi.info/feed/Mumbai/?token=bd172ccd0d19725d38d3d7086152eb37525dfec4,19.07283,72.88261,2020-04-22 04:00:00,100,101,102,103,104,105,"""CO""","""NO2""","""O3""","""PM10""","""PM25""","""SO2""","[100,101,102,103,104,105]","[0.0,0.0,0.0,0,61,0.0]","[""CO"",""NO2"",""O3"",""PM10"",""PM25"",""SO2""]"
124,Munich,pm10,20,20,0.0,39.6,5.5,0,0.0,0.1,41.1,https://api.waqi.info/feed/Munich/?token=bd172ccd0d19725d38d3d7086152eb37525dfec4,48.1351253,11.5819806,2020-04-21 20:00:00,100,101,102,103,104,105,"""CO""","""NO2""","""O3""","""PM10""","""PM25""","""SO2""","[100,101,102,103,104,105]","[0.1,5.5,41.1,20,0,0.0]","[""CO"",""NO2"",""O3"",""PM10"",""PM25"",""SO2""]"
125,Nagoya,pm25,59,18,0.0,63.9,10.2,59,1.5,2.3,28.1,https://api.waqi.info/feed/Nagoya/?token=bd172ccd0d19725d38d3d7086152eb37525dfec4,35.1814464,136.906398,2020-04-22 06:00:00,100,101,102,103,104,105,"""CO""","""NO2""","""O3""","""PM10""","""PM25""","""SO2""","[100,101,102,103,104,105]","[2.3,10.2,28.1,18,59,1.5]","[""CO"",""NO2"",""O3"",""PM10"",""PM25"",""SO2""]"
126,Nagpur,pm25,54,30,11.0,43.9725,9.5,54,0.8,3.3,6.4,https://api.waqi.info/feed/Nagpur/?token=bd172ccd0d19725d38d3d7086152eb37525dfec4,21.152875,79.0517531,2020-04-22 03:00:00,100,101,102,103,104,105,"""CO""","""NO2""","""O3""","""PM10""","""PM25""","""SO2""","[100,101,102,103,104,105]","[3.3,9.5,6.4,30,54,0.8]","[""CO"",""NO2"",""O3"",""PM10"",""PM25"",""SO2""]"
127,Nanchang,pm25,109,50,0.0,86.0,9.6,109,3.1,5.5,24.4,https://api.waqi.info/feed/Nanchang/?token=bd172ccd0d19725d38d3d7086152eb37525dfec4,28.683213,115.858121,2020-04-22 06:00:00,100,101,102,103,104,105,"""CO""","""NO2""","""O3""","""PM10""","""PM25""","""SO2""","[100,101,102,103,104,105]","[5.5,9.6,24.4,50,109,3.1]","[""CO"",""NO2"",""O3"",""PM10"",""PM25"",""SO2""]"
128,Nanjing,pm25,74,40,0.0,100.0,25.6,74,5.1,6.4,0.0,https://api.waqi.info/feed/Nanjing/?token=bd172ccd0d19725d38d3d7086152eb37525dfec4,32.060255,118.796877,2020-04-22 06:00:00,100,101,102,103,104,105,"""CO""","""NO2""","""O3""","""PM10""","""PM25""","""SO2""","[100,101,102,103,104,105]","[6.4,25.6,0.0,40,74,5.1]","[""CO"",""NO2"",""O3"",""PM10"",""PM25"",""SO2""]"
129,Nanning,pm25,68,30,0.0,77.0,5.5,68,3.1,7.3,22.0,https://api.waqi.info/feed/Nanning/?token=bd172ccd0d19725d38d3d7086152eb37525dfec4,22.817239,108.366129,2020-04-22 06:00:00,100,101,102,103,104,105,"""CO""","""NO2""","""O3""","""PM10""","""PM25""","""SO2""","[100,101,102,103,104,105]","[7.3,5.5,22.0,30,68,3.1]","[""CO"",""NO2"",""O3"",""PM10"",""PM25"",""SO2""]"
130,Napoli,pm25,43,17,13.0,93.0,7.9,43,1.5,3.7,0.0,https://api.waqi.info/feed/Napoli/?token=bd172ccd0d19725d38d3d7086152eb37525dfec4,40.85361,14.27167,2020-04-21 21:00:00,100,101,102,103,104,105,"""CO""","""NO2""","""O3""","""PM10""","""PM25""","""SO2""","[100,101,102,103,104,105]","[3.7,7.9,0.0,17,43,1.5]","[""CO"",""NO2"",""O3"",""PM10"",""PM25"",""SO2""]"
131,Nashik,pm25,59,32,13.7,59.13249999999999,9.3,59,0.6,3.8,10.2,https://api.waqi.info/feed/Nashik/?token=bd172ccd0d19725d38d3d7086152eb37525dfec4,20.0073285,73.7762427,2020-04-22 03:00:00,100,101,102,103,104,105,"""CO""","""NO2""","""O3""","""PM10""","""PM25""","""SO2""","[100,101,102,103,104,105]","[3.8,9.3,10.2,32,59,0.6]","[""CO"",""NO2"",""O3"",""PM10"",""PM25"",""SO2""]"
132,New York,pm25,8,0,0.0,46.0,20.3,8,0.0,3.1,34.4,https://api.waqi.info/feed/New%20York/?token=bd172ccd0d19725d38d3d7086152eb37525dfec4,40.7143528,-74.0059731,2020-04-21 16:00:00,100,101,102,103,104,105,"""CO""","""NO2""","""O3""","""PM10""","""PM25""","""SO2""","[100,101,102,103,104,105]","[3.1,20.3,34.4,0,8,0.0]","[""CO"",""NO2"",""O3"",""PM10"",""PM25"",""SO2""]"
133,Nezahualcoyotl,pm25,109,0,9.0,30.0,6.5,109,0.0,7.8,67.4,https://api.waqi.info/feed/Nezahualcoyotl/?token=bd172ccd0d19725d38d3d7086152eb37525dfec4,19.34561,-99.009381,2020-04-21 17:00:00,100,101,102,103,104,105,"""CO""","""NO2""","""O3""","""PM10""","""PM25""","""SO2""","[100,101,102,103,104,105]","[7.8,6.5,67.4,0,109,0.0]","[""CO"",""NO2"",""O3"",""PM10"",""PM25"",""SO2""]"
134,Nizhny Novgorod,o3,13,1,2.0,100.0,1.2,5,0.2,2.0,12.7,https://api.waqi.info/feed/Nizhny%20Novgorod/?token=bd172ccd0d19725d38d3d7086152eb37525dfec4,56.304354,43.983103,2020-04-21 23:00:00,100,101,102,103,104,105,"""CO""","""NO2""","""O3""","""PM10""","""PM25""","""SO2""","[100,101,102,103,104,105]","[2.0,1.2,12.7,1,5,0.2]","[""CO"",""NO2"",""O3"",""PM10"",""PM25"",""SO2""]"
135,Novosibirsk,pm25,207,104,1.0,45.57,0.0,207,0.0,0.0,0.0,https://api.waqi.info/feed/Novosibirsk/?token=bd172ccd0d19725d38d3d7086152eb37525dfec4,55.026021,82.907958,2020-04-22 06:00:00,100,101,102,103,104,105,"""CO""","""NO2""","""O3""","""PM10""","""PM25""","""SO2""","[100,101,102,103,104,105]","[0.0,0.0,0.0,104,207,0.0]","[""CO"",""NO2"",""O3"",""PM10"",""PM25"",""SO2""]"
136,Odessa,pm25,21,9,-5.0,86.7,0.0,21,0.0,0.0,0.0,https://api.waqi.info/feed/Odessa/?token=bd172ccd0d19725d38d3d7086152eb37525dfec4,46.39984,30.732417,2020-04-22 02:00:00,100,101,102,103,104,105,"""CO""","""NO2""","""O3""","""PM10""","""PM25""","""SO2""","[100,101,102,103,104,105]","[0.0,0.0,0.0,9,21,0.0]","[""CO"",""NO2"",""O3"",""PM10"",""PM25"",""SO2""]"
137,Osaka,pm25,38,12,0.0,48.1,6.5,38,4.3,0.1,37.6,https://api.waqi.info/feed/Osaka/?token=bd172ccd0d19725d38d3d7086152eb37525dfec4,34.6937378,135.5021651,2020-04-22 06:00:00,100,101,102,103,104,105,"""CO""","""NO2""","""O3""","""PM10""","""PM25""","""SO2""","[100,101,102,103,104,105]","[0.1,6.5,37.6,12,38,4.3]","[""CO"",""NO2"",""O3"",""PM10"",""PM25"",""SO2""]"
138,Palembang,pm10,4,4,0.0,69.1,0.0,0,0.0,0.0,0.0,https://api.waqi.info/feed/Palembang/?token=bd172ccd0d19725d38d3d7086152eb37525dfec4,-2.9760735,104.7754307,2020-01-21 13:00:00,100,101,102,103,104,105,"""CO""","""NO2""","""O3""","""PM10""","""PM25""","""SO2""","[100,101,102,103,104,105]","[0.0,0.0,0.0,4,0,0.0]","[""CO"",""NO2"",""O3"",""PM10"",""PM25"",""SO2""]"
139,PARIS,pm25,52,28,0.0,52.0,14.4,52,1.4,0.1,26.3,https://api.waqi.info/feed/PARIS/?token=bd172ccd0d19725d38d3d7086152eb37525dfec4,48.856614,2.3522219,2020-04-21 23:00:00,100,101,102,103,104,105,"""CO""","""NO2""","""O3""","""PM10""","""PM25""","""SO2""","[100,101,102,103,104,105]","[0.1,14.4,26.3,28,52,1.4]","[""CO"",""NO2"",""O3"",""PM10"",""PM25"",""SO2""]"
140,Patna,pm25,63,36,19.0,81.32499999999999,4.1,63,2.8,4.1,3.2,https://api.waqi.info/feed/Patna/?token=bd172ccd0d19725d38d3d7086152eb37525dfec4,25.619651,85.147382,2020-04-22 03:00:00,100,101,102,103,104,105,"""CO""","""NO2""","""O3""","""PM10""","""PM25""","""SO2""","[100,101,102,103,104,105]","[4.1,4.1,3.2,36,63,2.8]","[""CO"",""NO2"",""O3"",""PM10"",""PM25"",""SO2""]"
141,Perth,pm10,8,8,0.0,86.6,1.9,38,0.0,0.0,0.0,https://api.waqi.info/feed/Perth/?token=bd172ccd0d19725d38d3d7086152eb37525dfec4,56.396597,-3.4324,2020-04-21 20:00:00,100,101,102,103,104,105,"""CO""","""NO2""","""O3""","""PM10""","""PM25""","""SO2""","[100,101,102,103,104,105]","[0.0,1.9,0.0,8,38,0.0]","[""CO"",""NO2"",""O3"",""PM10"",""PM25"",""SO2""]"
142,Peshawar,pm25,129,0,14.0,72.0,0.0,129,0.0,0.0,0.0,https://api.waqi.info/feed/Peshawar/?token=bd172ccd0d19725d38d3d7086152eb37525dfec4,34.00585,71.53775,2020-04-22 03:00:00,100,101,102,103,104,105,"""CO""","""NO2""","""O3""","""PM10""","""PM25""","""SO2""","[100,101,102,103,104,105]","[0.0,0.0,0.0,0,129,0.0]","[""CO"",""NO2"",""O3"",""PM10"",""PM25"",""SO2""]"
143,Philadelphia,pm25,40,0,0.0,36.0,5.6,40,0.0,3.4,32.8,https://api.waqi.info/feed/Philadelphia/?token=bd172ccd0d19725d38d3d7086152eb37525dfec4,39.934635,-75.126126,2020-04-21 17:00:00,100,101,102,103,104,105,"""CO""","""NO2""","""O3""","""PM10""","""PM25""","""SO2""","[100,101,102,103,104,105]","[3.4,5.6,32.8,0,40,0.0]","[""CO"",""NO2"",""O3"",""PM10"",""PM25"",""SO2""]"
144,PHNOM PENH,,-,0,20.0,35.0,0.0,0,0.0,0.0,0.0,https://api.waqi.info/feed/PHNOM%20PENH/?token=bd172ccd0d19725d38d3d7086152eb37525dfec4,11.516002,104.905362,,100,101,102,103,104,105,"""CO""","""NO2""","""O3""","""PM10""","""PM25""","""SO2""","[100,101,102,103,104,105]","[0.0,0.0,0.0,0,0,0.0]","[""CO"",""NO2"",""O3"",""PM10"",""PM25"",""SO2""]"
145,Phoenix,o3,40,23,0.0,18.0,4.7,13,0.1,3.4,40.0,https://api.waqi.info/feed/Phoenix/?token=bd172ccd0d19725d38d3d7086152eb37525dfec4,33.403055555556,-112.07527777778,2020-04-21 15:00:00,100,101,102,103,104,105,"""CO""","""NO2""","""O3""","""PM10""","""PM25""","""SO2""","[100,101,102,103,104,105]","[3.4,4.7,40.0,23,13,0.1]","[""CO"",""NO2"",""O3"",""PM10"",""PM25"",""SO2""]"
146,PRAGUE,pm25,85,21,0.0,37.3,5.3,85,0.7,0.0,32.8,https://api.waqi.info/feed/PRAGUE/?token=bd172ccd0d19725d38d3d7086152eb37525dfec4,50.094238,14.442049,2020-04-21 23:00:00,100,101,102,103,104,105,"""CO""","""NO2""","""O3""","""PM10""","""PM25""","""SO2""","[100,101,102,103,104,105]","[0.0,5.3,32.8,21,85,0.7]","[""CO"",""NO2"",""O3"",""PM10"",""PM25"",""SO2""]"
147,Puebla,o3,69,39,0.0,23.6,6.1,0,0.8,15.4,68.9,https://api.waqi.info/feed/Puebla/?token=bd172ccd0d19725d38d3d7086152eb37525dfec4,18.987361111111,-98.277944444444,2020-04-21 17:00:00,100,101,102,103,104,105,"""CO""","""NO2""","""O3""","""PM10""","""PM25""","""SO2""","[100,101,102,103,104,105]","[15.4,6.1,68.9,39,0,0.8]","[""CO"",""NO2"",""O3"",""PM10"",""PM25"",""SO2""]"
148,Pune,co,45,38,14.1,62.0,6.0,40,0.0,45.0,42.0,https://api.waqi.info/feed/Pune/?token=bd172ccd0d19725d38d3d7086152eb37525dfec4,18.536428,73.805453,2020-04-22 04:00:00,100,101,102,103,104,105,"""CO""","""NO2""","""O3""","""PM10""","""PM25""","""SO2""","[100,101,102,103,104,105]","[45.0,6.0,42.0,38,40,0.0]","[""CO"",""NO2"",""O3"",""PM10"",""PM25"",""SO2""]"
149,Qingdao,pm25,63,38,0.0,87.0,24.3,63,2.1,0.1,44.7,https://api.waqi.info/feed/Qingdao/?token=bd172ccd0d19725d38d3d7086152eb37525dfec4,36.067082,120.38264,2020-04-19 20:00:00,100,101,102,103,104,105,"""CO""","""NO2""","""O3""","""PM10""","""PM25""","""SO2""","[100,101,102,103,104,105]","[0.1,24.3,44.7,38,63,2.1]","[""CO"",""NO2"",""O3"",""PM10"",""PM25"",""SO2""]"
150,Qiqihar,pm25,59,13,0.0,78.9,3.7,59,3.1,3.7,24.8,https://api.waqi.info/feed/Qiqihar/?token=bd172ccd0d19725d38d3d7086152eb37525dfec4,47.354348,123.918186,2020-04-22 06:00:00,100,101,102,103,104,105,"""CO""","""NO2""","""O3""","""PM10""","""PM25""","""SO2""","[100,101,102,103,104,105]","[3.7,3.7,24.8,13,59,3.1]","[""CO"",""NO2"",""O3"",""PM10"",""PM25"",""SO2""]"
151,QUITO,pm25,68,0,12.0,66.72,0.0,68,1.4,3.8,30.3,https://api.waqi.info/feed/QUITO/?token=bd172ccd0d19725d38d3d7086152eb37525dfec4,-0.221393,-78.514005,2020-04-21 16:00:00,100,101,102,103,104,105,"""CO""","""NO2""","""O3""","""PM10""","""PM25""","""SO2""","[100,101,102,103,104,105]","[3.8,0.0,30.3,0,68,1.4]","[""CO"",""NO2"",""O3"",""PM10"",""PM25"",""SO2""]"
152,Rawalpindi,pm25,65,0,0.0,74.3,0.0,65,0.0,0.0,0.0,https://api.waqi.info/feed/Rawalpindi/?token=bd172ccd0d19725d38d3d7086152eb37525dfec4,33.7235,73.11822,2020-04-22 03:00:00,100,101,102,103,104,105,"""CO""","""NO2""","""O3""","""PM10""","""PM25""","""SO2""","[100,101,102,103,104,105]","[0.0,0.0,0.0,0,65,0.0]","[""CO"",""NO2"",""O3"",""PM10"",""PM25"",""SO2""]"
153,RIYADH,o3,29,2,15.0,82.0,3.0,0,3.0,0.0,29.0,https://api.waqi.info/feed/RIYADH/?token=bd172ccd0d19725d38d3d7086152eb37525dfec4,24.644942,46.722333,2020-04-21 00:50:00,100,101,102,103,104,105,"""CO""","""NO2""","""O3""","""PM10""","""PM25""","""SO2""","[100,101,102,103,104,105]","[0.0,3.0,29.0,2,0,3.0]","[""CO"",""NO2"",""O3"",""PM10"",""PM25"",""SO2""]"
154,ROME,pm25,34,15,0.0,83.5,8.7,34,0.0,0.0,14.3,https://api.waqi.info/feed/ROME/?token=bd172ccd0d19725d38d3d7086152eb37525dfec4,41.8932669,12.4753855,2020-04-20 23:00:00,100,101,102,103,104,105,"""CO""","""NO2""","""O3""","""PM10""","""PM25""","""SO2""","[100,101,102,103,104,105]","[0.0,8.7,14.3,15,34,0.0]","[""CO"",""NO2"",""O3"",""PM10"",""PM25"",""SO2""]"
155,Salvador,pm25,80,0,0.0,87.0,0.0,80,0.0,0.0,0.0,https://api.waqi.info/feed/Salvador/?token=bd172ccd0d19725d38d3d7086152eb37525dfec4,13.70630556,-89.20011667,2020-04-21 15:00:00,100,101,102,103,104,105,"""CO""","""NO2""","""O3""","""PM10""","""PM25""","""SO2""","[100,101,102,103,104,105]","[0.0,0.0,0.0,0,80,0.0]","[""CO"",""NO2"",""O3"",""PM10"",""PM25"",""SO2""]"
156,San Antonio,pm25,50,0,0.0,45.0,0.0,50,0.0,0.0,39.2,https://api.waqi.info/feed/San%20Antonio/?token=bd172ccd0d19725d38d3d7086152eb37525dfec4,29.4072945,-98.431251,2020-04-21 13:00:00,100,101,102,103,104,105,"""CO""","""NO2""","""O3""","""PM10""","""PM25""","""SO2""","[100,101,102,103,104,105]","[0.0,0.0,39.2,0,50,0.0]","[""CO"",""NO2"",""O3"",""PM10"",""PM25"",""SO2""]"
157,San Diego,,-,0,0.0,0.0,13.0,0,0.0,4.3,0.8,https://api.waqi.info/feed/San%20Diego/?token=bd172ccd0d19725d38d3d7086152eb37525dfec4,32.70148,-117.14962,2020-01-26 21:00:00,100,101,102,103,104,105,"""CO""","""NO2""","""O3""","""PM10""","""PM25""","""SO2""","[100,101,102,103,104,105]","[4.3,13.0,0.8,0,0,0.0]","[""CO"",""NO2"",""O3"",""PM10"",""PM25"",""SO2""]"
158,Santa Cruz,pm25,34,18,0.0,56.5,3.8,34,0.0,1.7,26.4,https://api.waqi.info/feed/Santa%20Cruz/?token=bd172ccd0d19725d38d3d7086152eb37525dfec4,36.98401,-121.99097,2020-04-21 13:00:00,100,101,102,103,104,105,"""CO""","""NO2""","""O3""","""PM10""","""PM25""","""SO2""","[100,101,102,103,104,105]","[1.7,3.8,26.4,18,34,0.0]","[""CO"",""NO2"",""O3"",""PM10"",""PM25"",""SO2""]"
159,SANTIAGO,pm25,66,62,6.0,26.0,8.2,66,0.0,7.4,30.3,https://api.waqi.info/feed/SANTIAGO/?token=bd172ccd0d19725d38d3d7086152eb37525dfec4,-33.422301,-70.651162,2020-04-21 19:00:00,100,101,102,103,104,105,"""CO""","""NO2""","""O3""","""PM10""","""PM25""","""SO2""","[100,101,102,103,104,105]","[7.4,8.2,30.3,62,66,0.0]","[""CO"",""NO2"",""O3"",""PM10"",""PM25"",""SO2""]"
160,Sao Paulo,pm25,30,26,15.0,77.0,6.4,30,0.0,1.0,24.8,https://api.waqi.info/feed/Sao%20Paulo/?token=bd172ccd0d19725d38d3d7086152eb37525dfec4,-23.544845659,-46.627675592,2020-04-21 19:00:00,100,101,102,103,104,105,"""CO""","""NO2""","""O3""","""PM10""","""PM25""","""SO2""","[100,101,102,103,104,105]","[1.0,6.4,24.8,26,30,0.0]","[""CO"",""NO2"",""O3"",""PM10"",""PM25"",""SO2""]"
161,Sapporo,pm25,50,12,0.0,44.2,3.8,50,1.5,1.2,30.4,https://api.waqi.info/feed/Sapporo/?token=bd172ccd0d19725d38d3d7086152eb37525dfec4,43.0620958,141.3543763,2020-04-22 07:00:00,100,101,102,103,104,105,"""CO""","""NO2""","""O3""","""PM10""","""PM25""","""SO2""","[100,101,102,103,104,105]","[1.2,3.8,30.4,12,50,1.5]","[""CO"",""NO2"",""O3"",""PM10"",""PM25"",""SO2""]"
162,Sendai,pm25,13,11,0.0,53.0,7.5,13,1.5,0.1,25.6,https://api.waqi.info/feed/Sendai/?token=bd172ccd0d19725d38d3d7086152eb37525dfec4,38.268215,140.8693558,2020-04-22 07:00:00,100,101,102,103,104,105,"""CO""","""NO2""","""O3""","""PM10""","""PM25""","""SO2""","[100,101,102,103,104,105]","[0.1,7.5,25.6,11,13,1.5]","[""CO"",""NO2"",""O3"",""PM10"",""PM25"",""SO2""]"
163,Seongnam,pm10,74,74,0.0,56.0,35.2,38,5.8,5.6,20.8,https://api.waqi.info/feed/Seongnam/?token=bd172ccd0d19725d38d3d7086152eb37525dfec4,37.4449168,127.1388684,2020-04-22 07:00:00,100,101,102,103,104,105,"""CO""","""NO2""","""O3""","""PM10""","""PM25""","""SO2""","[100,101,102,103,104,105]","[5.6,35.2,20.8,74,38,5.8]","[""CO"",""NO2"",""O3"",""PM10"",""PM25"",""SO2""]"
164,Seoul,pm10,99,99,0.0,46.0,10.2,57,4.3,3.4,27.2,https://api.waqi.info/feed/Seoul/?token=bd172ccd0d19725d38d3d7086152eb37525dfec4,37.566535,126.9779692,2020-04-22 07:00:00,100,101,102,103,104,105,"""CO""","""NO2""","""O3""","""PM10""","""PM25""","""SO2""","[100,101,102,103,104,105]","[3.4,10.2,27.2,99,57,4.3]","[""CO"",""NO2"",""O3"",""PM10"",""PM25"",""SO2""]"
165,Shanghai,pm25,72,31,0.0,56.4,16.0,72,1.6,4.6,28.1,https://api.waqi.info/feed/Shanghai/?token=bd172ccd0d19725d38d3d7086152eb37525dfec4,31.2047372,121.4489017,2020-04-22 06:00:00,100,101,102,103,104,105,"""CO""","""NO2""","""O3""","""PM10""","""PM25""","""SO2""","[100,101,102,103,104,105]","[4.6,16.0,28.1,31,72,1.6]","[""CO"",""NO2"",""O3"",""PM10"",""PM25"",""SO2""]"
166,Shenyang,pm10,59,59,0.0,59.0,9.2,57,1.6,2.8,16.7,https://api.waqi.info/feed/Shenyang/?token=bd172ccd0d19725d38d3d7086152eb37525dfec4,41.805698,123.431475,2020-04-22 06:00:00,100,101,102,103,104,105,"""CO""","""NO2""","""O3""","""PM10""","""PM25""","""SO2""","[100,101,102,103,104,105]","[2.8,9.2,16.7,59,57,1.6]","[""CO"",""NO2"",""O3"",""PM10"",""PM25"",""SO2""]"
167,Shenzhen,pm25,85,49,0.0,88.0,15.6,85,3.6,7.3,29.3,https://api.waqi.info/feed/Shenzhen/?token=bd172ccd0d19725d38d3d7086152eb37525dfec4,22.543099,114.057868,2020-04-22 06:00:00,100,101,102,103,104,105,"""CO""","""NO2""","""O3""","""PM10""","""PM25""","""SO2""","[100,101,102,103,104,105]","[7.3,15.6,29.3,49,85,3.6]","[""CO"",""NO2"",""O3"",""PM10"",""PM25"",""SO2""]"
168,Shiraz,pm25,91,0,13.0,100.0,14.0,91,9.0,19.0,0.0,https://api.waqi.info/feed/Shiraz/?token=bd172ccd0d19725d38d3d7086152eb37525dfec4,29.6092966,52.5300873,2020-04-22 02:00:00,100,101,102,103,104,105,"""CO""","""NO2""","""O3""","""PM10""","""PM25""","""SO2""","[100,101,102,103,104,105]","[19.0,14.0,0.0,0,91,9.0]","[""CO"",""NO2"",""O3"",""PM10"",""PM25"",""SO2""]"
169,SINGAPORE,pm25,46,19,26.0,88.0,0.0,46,3.0,6.0,7.0,https://api.waqi.info/feed/SINGAPORE/?token=bd172ccd0d19725d38d3d7086152eb37525dfec4,1.296183,103.846181,2020-04-22 07:00:00,100,101,102,103,104,105,"""CO""","""NO2""","""O3""","""PM10""","""PM25""","""SO2""","[100,101,102,103,104,105]","[6.0,0.0,7.0,19,46,3.0]","[""CO"",""NO2"",""O3"",""PM10"",""PM25"",""SO2""]"
170,SOFIA,pm10,17,17,0.0,77.4,3.0,0,0.0,0.0,11.4,https://api.waqi.info/feed/SOFIA/?token=bd172ccd0d19725d38d3d7086152eb37525dfec4,42.7325,23.298611,2020-04-22 00:00:00,100,101,102,103,104,105,"""CO""","""NO2""","""O3""","""PM10""","""PM25""","""SO2""","[100,101,102,103,104,105]","[0.0,3.0,11.4,17,0,0.0]","[""CO"",""NO2"",""O3"",""PM10"",""PM25"",""SO2""]"
171,Soweto,pm25,38,20,0.0,22.0,0.0,38,2.6,0.0,16.0,https://api.waqi.info/feed/Soweto/?token=bd172ccd0d19725d38d3d7086152eb37525dfec4,-26.252611,27.872139,2020-04-21 16:00:00,100,101,102,103,104,105,"""CO""","""NO2""","""O3""","""PM10""","""PM25""","""SO2""","[100,101,102,103,104,105]","[0.0,0.0,16.0,20,38,2.6]","[""CO"",""NO2"",""O3"",""PM10"",""PM25"",""SO2""]"
172,St Petersburg,o3,35,1,-5.0,36.0,3.3,6,8.0,0.9,35.4,https://api.waqi.info/feed/St%20Petersburg/?token=bd172ccd0d19725d38d3d7086152eb37525dfec4,59.96903,30.28451,2020-04-22 02:00:00,100,101,102,103,104,105,"""CO""","""NO2""","""O3""","""PM10""","""PM25""","""SO2""","[100,101,102,103,104,105]","[0.9,3.3,35.4,1,6,8.0]","[""CO"",""NO2"",""O3"",""PM10"",""PM25"",""SO2""]"
173,STOCKHOLM,pm10,15,15,2.0,72.5,11.0,0,0.0,0.0,0.0,https://api.waqi.info/feed/STOCKHOLM/?token=bd172ccd0d19725d38d3d7086152eb37525dfec4,59.34082695028323,18.05825368127835,2020-04-21 23:00:00,100,101,102,103,104,105,"""CO""","""NO2""","""O3""","""PM10""","""PM25""","""SO2""","[100,101,102,103,104,105]","[0.0,11.0,0.0,15,0,0.0]","[""CO"",""NO2"",""O3"",""PM10"",""PM25"",""SO2""]"
174,Suzhou,pm25,93,40,0.0,58.0,17.4,93,2.6,5.5,0.0,https://api.waqi.info/feed/Suzhou/?token=bd172ccd0d19725d38d3d7086152eb37525dfec4,31.298886,120.585316,2020-04-22 06:00:00,100,101,102,103,104,105,"""CO""","""NO2""","""O3""","""PM10""","""PM25""","""SO2""","[100,101,102,103,104,105]","[5.5,17.4,0.0,40,93,2.6]","[""CO"",""NO2"",""O3"",""PM10"",""PM25"",""SO2""]"
175,Sydney,pm25,39,26,0.0,63.8,11.2,39,1.5,1.2,19.2,https://api.waqi.info/feed/Sydney/?token=bd172ccd0d19725d38d3d7086152eb37525dfec4,-33.872468,151.213337,2020-04-21 15:00:00,100,101,102,103,104,105,"""CO""","""NO2""","""O3""","""PM10""","""PM25""","""SO2""","[100,101,102,103,104,105]","[1.2,11.2,19.2,26,39,1.5]","[""CO"",""NO2"",""O3"",""PM10"",""PM25"",""SO2""]"
176,Tabriz,co,92,51,4.0,54.0,24.0,74,4.0,92.0,0.0,https://api.waqi.info/feed/Tabriz/?token=bd172ccd0d19725d38d3d7086152eb37525dfec4,38.079304,46.288699,2020-04-22 01:00:00,100,101,102,103,104,105,"""CO""","""NO2""","""O3""","""PM10""","""PM25""","""SO2""","[100,101,102,103,104,105]","[92.0,24.0,0.0,51,74,4.0]","[""CO"",""NO2"",""O3"",""PM10"",""PM25"",""SO2""]"
177,Taichung,o3,33,11,0.0,79.0,7.5,21,3.2,4.0,33.3,https://api.waqi.info/feed/Taichung/?token=bd172ccd0d19725d38d3d7086152eb37525dfec4,24.099611,120.677689,2020-04-22 06:00:00,100,101,102,103,104,105,"""CO""","""NO2""","""O3""","""PM10""","""PM25""","""SO2""","[100,101,102,103,104,105]","[4.0,7.5,33.3,11,21,3.2]","[""CO"",""NO2"",""O3"",""PM10"",""PM25"",""SO2""]"
178,TAIPEI,o3,41,1,18.0,96.0,6.3,5,0.9,3.4,40.9,https://api.waqi.info/feed/TAIPEI/?token=bd172ccd0d19725d38d3d7086152eb37525dfec4,25.062361,121.526528,2020-04-22 06:00:00,100,101,102,103,104,105,"""CO""","""NO2""","""O3""","""PM10""","""PM25""","""SO2""","[100,101,102,103,104,105]","[3.4,6.3,40.9,1,5,0.9]","[""CO"",""NO2"",""O3"",""PM10"",""PM25"",""SO2""]"
179,Taiyuan,pm25,70,42,0.0,13.0,19.2,70,9.7,6.4,15.5,https://api.waqi.info/feed/Taiyuan/?token=bd172ccd0d19725d38d3d7086152eb37525dfec4,37.87059,112.548879,2020-04-22 06:00:00,100,101,102,103,104,105,"""CO""","""NO2""","""O3""","""PM10""","""PM25""","""SO2""","[100,101,102,103,104,105]","[6.4,19.2,15.5,42,70,9.7]","[""CO"",""NO2"",""O3"",""PM10"",""PM25"",""SO2""]"
180,Tangshan,pm25,38,32,0.0,25.6,6.0,38,2.6,0.1,27.3,https://api.waqi.info/feed/Tangshan/?token=bd172ccd0d19725d38d3d7086152eb37525dfec4,39.630867,118.180194,2020-04-22 06:00:00,100,101,102,103,104,105,"""CO""","""NO2""","""O3""","""PM10""","""PM25""","""SO2""","[100,101,102,103,104,105]","[0.1,6.0,27.3,32,38,2.6]","[""CO"",""NO2"",""O3"",""PM10"",""PM25"",""SO2""]"
181,TASHKENT,pm25,57,0,9.0,67.0,0.0,57,0.0,0.0,0.0,https://api.waqi.info/feed/TASHKENT/?token=bd172ccd0d19725d38d3d7086152eb37525dfec4,41.3672,69.2725,2020-04-22 03:00:00,100,101,102,103,104,105,"""CO""","""NO2""","""O3""","""PM10""","""PM25""","""SO2""","[100,101,102,103,104,105]","[0.0,0.0,0.0,0,57,0.0]","[""CO"",""NO2"",""O3"",""PM10"",""PM25"",""SO2""]"
182,TBILISI,,-,0,6.5,84.0,0.0,0,0.0,0.0,0.0,https://api.waqi.info/feed/TBILISI/?token=bd172ccd0d19725d38d3d7086152eb37525dfec4,41.7017,44.87564,,100,101,102,103,104,105,"""CO""","""NO2""","""O3""","""PM10""","""PM25""","""SO2""","[100,101,102,103,104,105]","[0.0,0.0,0.0,0,0,0.0]","[""CO"",""NO2"",""O3"",""PM10"",""PM25"",""SO2""]"
183,TEHRAN,pm25,63,0,0.0,25.0,38.0,63,16.0,38.0,0.0,https://api.waqi.info/feed/TEHRAN/?token=bd172ccd0d19725d38d3d7086152eb37525dfec4,35.703356,51.397764,2020-04-22 02:00:00,100,101,102,103,104,105,"""CO""","""NO2""","""O3""","""PM10""","""PM25""","""SO2""","[100,101,102,103,104,105]","[38.0,38.0,0.0,0,63,16.0]","[""CO"",""NO2"",""O3"",""PM10"",""PM25"",""SO2""]"
184,Tianjin,pm25,38,17,0.0,14.0,7.4,38,2.1,2.8,27.0,https://api.waqi.info/feed/Tianjin/?token=bd172ccd0d19725d38d3d7086152eb37525dfec4,39.084158,117.200983,2020-04-22 06:00:00,100,101,102,103,104,105,"""CO""","""NO2""","""O3""","""PM10""","""PM25""","""SO2""","[100,101,102,103,104,105]","[2.8,7.4,27.0,17,38,2.1]","[""CO"",""NO2"",""O3"",""PM10"",""PM25"",""SO2""]"
185,Tijuana,pm25,68,0,0.0,0.0,12.3,68,0.0,0.0,20.7,https://api.waqi.info/feed/Tijuana/?token=bd172ccd0d19725d38d3d7086152eb37525dfec4,32.528405555556,-116.92079444444,2019-09-23 10:00:00,100,101,102,103,104,105,"""CO""","""NO2""","""O3""","""PM10""","""PM25""","""SO2""","[100,101,102,103,104,105]","[0.0,12.3,20.7,0,68,0.0]","[""CO"",""NO2"",""O3"",""PM10"",""PM25"",""SO2""]"
186,TOKYO,pm10,16,16,0.0,73.9,25.1,1,1.5,4.5,25.6,https://api.waqi.info/feed/TOKYO/?token=bd172ccd0d19725d38d3d7086152eb37525dfec4,35.6414629,139.6981712,2020-04-22 07:00:00,100,101,102,103,104,105,"""CO""","""NO2""","""O3""","""PM10""","""PM25""","""SO2""","[100,101,102,103,104,105]","[4.5,25.1,25.6,16,1,1.5]","[""CO"",""NO2"",""O3"",""PM10"",""PM25"",""SO2""]"
187,Toronto,pm25,21,0,0.0,43.0,7.5,21,0.2,1.9,22.4,https://api.waqi.info/feed/Toronto/?token=bd172ccd0d19725d38d3d7086152eb37525dfec4,43.653226,-79.3831843,2020-04-21 18:00:00,100,101,102,103,104,105,"""CO""","""NO2""","""O3""","""PM10""","""PM25""","""SO2""","[100,101,102,103,104,105]","[1.9,7.5,22.4,0,21,0.2]","[""CO"",""NO2"",""O3"",""PM10"",""PM25"",""SO2""]"
188,TSHWANE,pm25,78,38,0.0,50.0,5.5,78,0.0,2.7,2.1,https://api.waqi.info/feed/TSHWANE/?token=bd172ccd0d19725d38d3d7086152eb37525dfec4,-25.740247,28.170315,2020-04-22 00:00:00,100,101,102,103,104,105,"""CO""","""NO2""","""O3""","""PM10""","""PM25""","""SO2""","[100,101,102,103,104,105]","[2.7,5.5,2.1,38,78,0.0]","[""CO"",""NO2"",""O3"",""PM10"",""PM25"",""SO2""]"
189,Ufa,o3,25,4,9.0,83.225,11.2,15,2.1,2.2,24.9,https://api.waqi.info/feed/Ufa/?token=bd172ccd0d19725d38d3d7086152eb37525dfec4,55.03171,55.97249,2020-04-21 23:00:00,100,101,102,103,104,105,"""CO""","""NO2""","""O3""","""PM10""","""PM25""","""SO2""","[100,101,102,103,104,105]","[2.2,11.2,24.9,4,15,2.1]","[""CO"",""NO2"",""O3"",""PM10"",""PM25"",""SO2""]"
190,Ulsan,pm25,30,20,0.0,43.0,8.4,30,28.6,4.5,24.1,https://api.waqi.info/feed/Ulsan/?token=bd172ccd0d19725d38d3d7086152eb37525dfec4,35.5383773,129.3113596,2020-04-22 07:00:00,100,101,102,103,104,105,"""CO""","""NO2""","""O3""","""PM10""","""PM25""","""SO2""","[100,101,102,103,104,105]","[4.5,8.4,24.1,20,30,28.6]","[""CO"",""NO2"",""O3"",""PM10"",""PM25"",""SO2""]"
191,Urumqi,pm10,44,44,0.0,41.0,9.6,38,3.6,4.6,28.1,https://api.waqi.info/feed/Urumqi/?token=bd172ccd0d19725d38d3d7086152eb37525dfec4,43.825645,87.616823,2020-04-22 06:00:00,100,101,102,103,104,105,"""CO""","""NO2""","""O3""","""PM10""","""PM25""","""SO2""","[100,101,102,103,104,105]","[4.6,9.6,28.1,44,38,3.6]","[""CO"",""NO2"",""O3"",""PM10"",""PM25"",""SO2""]"
192,Valencia,o3,19,4,0.0,73.5,6.0,5,2.6,0.1,19.1,https://api.waqi.info/feed/Valencia/?token=bd172ccd0d19725d38d3d7086152eb37525dfec4,39.458055555556,-0.37666666666667,2020-04-21 21:00:00,100,101,102,103,104,105,"""CO""","""NO2""","""O3""","""PM10""","""PM25""","""SO2""","[100,101,102,103,104,105]","[0.1,6.0,19.1,4,5,2.6]","[""CO"",""NO2"",""O3"",""PM10"",""PM25"",""SO2""]"
193,Varanasi,pm25,34,0,15.0,68.5,13.7,34,6.7,0.0,28.6,https://api.waqi.info/feed/Varanasi/?token=bd172ccd0d19725d38d3d7086152eb37525dfec4,25.35055556,82.97833333,2020-04-22 04:00:00,100,101,102,103,104,105,"""CO""","""NO2""","""O3""","""PM10""","""PM25""","""SO2""","[100,101,102,103,104,105]","[0.0,13.7,28.6,0,34,6.7]","[""CO"",""NO2"",""O3"",""PM10"",""PM25"",""SO2""]"
194,Vienna,pm25,59,28,0.0,50.6,10.1,59,0.0,0.1,0.0,https://api.waqi.info/feed/Vienna/?token=bd172ccd0d19725d38d3d7086152eb37525dfec4,48.2167394444444,16.3809180555556,2020-04-21 22:00:00,100,101,102,103,104,105,"""CO""","""NO2""","""O3""","""PM10""","""PM25""","""SO2""","[100,101,102,103,104,105]","[0.1,10.1,0.0,28,59,0.0]","[""CO"",""NO2"",""O3"",""PM10"",""PM25"",""SO2""]"
195,WARSAW,pm25,58,35,0.0,39.2,14.1,58,2.0,4.0,12.0,https://api.waqi.info/feed/WARSAW/?token=bd172ccd0d19725d38d3d7086152eb37525dfec4,52.225171,21.014783,2020-04-21 22:00:00,100,101,102,103,104,105,"""CO""","""NO2""","""O3""","""PM10""","""PM25""","""SO2""","[100,101,102,103,104,105]","[4.0,14.1,12.0,35,58,2.0]","[""CO"",""NO2"",""O3"",""PM10"",""PM25"",""SO2""]"
196,Wuhan,pm25,102,71,0.0,87.0,22.9,102,3.1,6.9,13.0,https://api.waqi.info/feed/Wuhan/?token=bd172ccd0d19725d38d3d7086152eb37525dfec4,30.593099,114.305393,2020-04-22 06:00:00,100,101,102,103,104,105,"""CO""","""NO2""","""O3""","""PM10""","""PM25""","""SO2""","[100,101,102,103,104,105]","[6.9,22.9,13.0,71,102,3.1]","[""CO"",""NO2"",""O3"",""PM10"",""PM25"",""SO2""]"
197,Wuxi,pm25,59,27,0.0,92.3,13.3,59,2.6,6.4,16.0,https://api.waqi.info/feed/Wuxi/?token=bd172ccd0d19725d38d3d7086152eb37525dfec4,31.490637,120.311143,2020-04-22 06:00:00,100,101,102,103,104,105,"""CO""","""NO2""","""O3""","""PM10""","""PM25""","""SO2""","[100,101,102,103,104,105]","[6.4,13.3,16.0,27,59,2.6]","[""CO"",""NO2"",""O3"",""PM10"",""PM25"",""SO2""]"
198,Xian,,-,0,0.0,65.0,0.0,0,0.0,0.0,0.0,https://api.waqi.info/feed/Xian/?token=bd172ccd0d19725d38d3d7086152eb37525dfec4,34.341568,108.940175,,100,101,102,103,104,105,"""CO""","""NO2""","""O3""","""PM10""","""PM25""","""SO2""","[100,101,102,103,104,105]","[0.0,0.0,0.0,0,0,0.0]","[""CO"",""NO2"",""O3"",""PM10"",""PM25"",""SO2""]"
199,Xuzhou,pm25,93,52,0.0,55.3,15.1,93,4.1,3.7,0.0,https://api.waqi.info/feed/Xuzhou/?token=bd172ccd0d19725d38d3d7086152eb37525dfec4,34.20475,117.284072,2020-04-22 06:00:00,100,101,102,103,104,105,"""CO""","""NO2""","""O3""","""PM10""","""PM25""","""SO2""","[100,101,102,103,104,105]","[3.7,15.1,0.0,52,93,4.1]","[""CO"",""NO2"",""O3"",""PM10"",""PM25"",""SO2""]"
200,Yangon,pm25,55,0,25.0,94.0,0.0,55,0.0,0.0,0.5,https://api.waqi.info/feed/Yangon/?token=bd172ccd0d19725d38d3d7086152eb37525dfec4,16.8256,96.1445,2020-04-22 05:00:00,100,101,102,103,104,105,"""CO""","""NO2""","""O3""","""PM10""","""PM25""","""SO2""","[100,101,102,103,104,105]","[0.0,0.0,0.5,0,55,0.0]","[""CO"",""NO2"",""O3"",""PM10"",""PM25"",""SO2""]"
201,Yokohama,pm25,25,14,0.0,72.1,18.6,25,1.5,4.5,9.6,https://api.waqi.info/feed/Yokohama/?token=bd172ccd0d19725d38d3d7086152eb37525dfec4,35.4437078,139.6380256,2020-04-22 06:00:00,100,101,102,103,104,105,"""CO""","""NO2""","""O3""","""PM10""","""PM25""","""SO2""","[100,101,102,103,104,105]","[4.5,18.6,9.6,14,25,1.5]","[""CO"",""NO2"",""O3"",""PM10"",""PM25"",""SO2""]"
202,Zapopan,o3,54,34,0.0,9.0,7.1,0,0.0,1.7,53.6,https://api.waqi.info/feed/Zapopan/?token=bd172ccd0d19725d38d3d7086152eb37525dfec4,20.680450840176,-103.39873310432,2020-04-21 17:00:00,100,101,102,103,104,105,"""CO""","""NO2""","""O3""","""PM10""","""PM25""","""SO2""","[100,101,102,103,104,105]","[1.7,7.1,53.6,34,0,0.0]","[""CO"",""NO2"",""O3"",""PM10"",""PM25"",""SO2""]"
203,Zhengzhou,pm25,91,55,0.0,57.0,14.2,91,7.1,4.6,21.6,https://api.waqi.info/feed/Zhengzhou/?token=bd172ccd0d19725d38d3d7086152eb37525dfec4,34.7466,113.625368,2020-04-22 06:00:00,100,101,102,103,104,105,"""CO""","""NO2""","""O3""","""PM10""","""PM25""","""SO2""","[100,101,102,103,104,105]","[4.6,14.2,21.6,55,91,7.1]","[""CO"",""NO2"",""O3"",""PM10"",""PM25"",""SO2""]"
204,Zibo,pm25,68,54,0.0,36.2,27.5,68,7.1,0.1,48.0,https://api.waqi.info/feed/Zibo/?token=bd172ccd0d19725d38d3d7086152eb37525dfec4,36.813094,118.054868,2020-04-22 06:00:00,100,101,102,103,104,105,"""CO""","""NO2""","""O3""","""PM10""","""PM25""","""SO2""","[100,101,102,103,104,105]","[0.1,27.5,48.0,54,68,7.1]","[""CO"",""NO2"",""O3"",""PM10"",""PM25"",""SO2""]"
205,San Jose,o3,31,0,0.0,54.0,1.9,21,1.5,1.7,31.2,https://api.waqi.info/feed/San%20Jose/?token=bd172ccd0d19725d38d3d7086152eb37525dfec4,37.34849,-121.89494,2020-04-21 14:00:00,100,101,102,103,104,105,"""CO""","""NO2""","""O3""","""PM10""","""PM25""","""SO2""","[100,101,102,103,104,105]","[1.7,1.9,31.2,0,21,1.5]","[""CO"",""NO2"",""O3"",""PM10"",""PM25"",""SO2""]"
206,Austin,pm25,57,0,0.0,53.0,6.2,57,0.5,0.0,16.8,https://api.waqi.info/feed/Austin/?token=bd172ccd0d19725d38d3d7086152eb37525dfec4,30.2632079,-97.7128831,2020-04-21 15:00:00,100,101,102,103,104,105,"""CO""","""NO2""","""O3""","""PM10""","""PM25""","""SO2""","[100,101,102,103,104,105]","[0.0,6.2,16.8,0,57,0.5]","[""CO"",""NO2"",""O3"",""PM10"",""PM25"",""SO2""]"
207,Jacksonville,pm25,32,12,0.0,40.2,2.0,32,0.2,0.0,20.4,https://api.waqi.info/feed/Jacksonville/?token=bd172ccd0d19725d38d3d7086152eb37525dfec4,30.356388888889,-81.635277777778,2020-04-21 17:00:00,100,101,102,103,104,105,"""CO""","""NO2""","""O3""","""PM10""","""PM25""","""SO2""","[100,101,102,103,104,105]","[0.0,2.0,20.4,12,32,0.2]","[""CO"",""NO2"",""O3"",""PM10"",""PM25"",""SO2""]"
208,San Francisco,pm25,38,0,0.0,67.0,2.8,38,1.5,3.6,23.3,https://api.waqi.info/feed/San%20Francisco/?token=bd172ccd0d19725d38d3d7086152eb37525dfec4,37.76595,-122.39902,2020-04-21 14:00:00,100,101,102,103,104,105,"""CO""","""NO2""","""O3""","""PM10""","""PM25""","""SO2""","[100,101,102,103,104,105]","[3.6,2.8,23.3,0,38,1.5]","[""CO"",""NO2"",""O3"",""PM10"",""PM25"",""SO2""]"
209,Charlotte,pm25,13,0,0.0,28.5,0.0,13,0.0,0.0,0.0,https://api.waqi.info/feed/Charlotte/?token=bd172ccd0d19725d38d3d7086152eb37525dfec4,35.213171,-80.874084,2020-04-21 17:00:00,100,101,102,103,104,105,"""CO""","""NO2""","""O3""","""PM10""","""PM25""","""SO2""","[100,101,102,103,104,105]","[0.0,0.0,0.0,0,13,0.0]","[""CO"",""NO2"",""O3"",""PM10"",""PM25"",""SO2""]"
210,Indianapolis,o3,34,0,0.0,23.7,2.8,20,0.0,1.9,33.6,https://api.waqi.info/feed/Indianapolis/?token=bd172ccd0d19725d38d3d7086152eb37525dfec4,39.787933,-86.13088,2020-04-21 17:00:00,100,101,102,103,104,105,"""CO""","""NO2""","""O3""","""PM10""","""PM25""","""SO2""","[100,101,102,103,104,105]","[1.9,2.8,33.6,0,20,0.0]","[""CO"",""NO2"",""O3"",""PM10"",""PM25"",""SO2""]"
211,Seattle,o3,26,0,0.0,63.0,15.8,9,1.5,4.3,26.4,https://api.waqi.info/feed/Seattle/?token=bd172ccd0d19725d38d3d7086152eb37525dfec4,47.597222,-122.319722,2020-04-21 14:00:00,100,101,102,103,104,105,"""CO""","""NO2""","""O3""","""PM10""","""PM25""","""SO2""","[100,101,102,103,104,105]","[4.3,15.8,26.4,0,9,1.5]","[""CO"",""NO2"",""O3"",""PM10"",""PM25"",""SO2""]"
212,Denver,o3,21,14,0.0,27.8,3.2,21,0.6,1.9,21.2,https://api.waqi.info/feed/Denver/?token=bd172ccd0d19725d38d3d7086152eb37525dfec4,39.751184,-104.987625,2020-04-21 15:00:00,100,101,102,103,104,105,"""CO""","""NO2""","""O3""","""PM10""","""PM25""","""SO2""","[100,101,102,103,104,105]","[1.9,3.2,21.2,14,21,0.6]","[""CO"",""NO2"",""O3"",""PM10"",""PM25"",""SO2""]"
213,Washington,o3,19,0,-1.0,25.0,1.0,14,0.1,0.1,19.1,https://api.waqi.info/feed/Washington/?token=bd172ccd0d19725d38d3d7086152eb37525dfec4,38.8577,-77.05922,2020-04-21 17:00:00,100,101,102,103,104,105,"""CO""","""NO2""","""O3""","""PM10""","""PM25""","""SO2""","[100,101,102,103,104,105]","[0.1,1.0,19.1,0,14,0.1]","[""CO"",""NO2"",""O3"",""PM10"",""PM25"",""SO2""]"
214,El Paso,o3,41,12,0.0,10.5,0.0,17,0.0,0.0,40.8,https://api.waqi.info/feed/El%20Paso/?token=bd172ccd0d19725d38d3d7086152eb37525dfec4,31.7682914,-106.5012595,2020-04-21 15:00:00,100,101,102,103,104,105,"""CO""","""NO2""","""O3""","""PM10""","""PM25""","""SO2""","[100,101,102,103,104,105]","[0.0,0.0,40.8,12,17,0.0]","[""CO"",""NO2"",""O3"",""PM10"",""PM25"",""SO2""]"
215,Boston,pm25,25,0,0.0,89.3,3.8,25,1.5,2.2,36.8,https://api.waqi.info/feed/Boston/?token=bd172ccd0d19725d38d3d7086152eb37525dfec4,42.3584308,-71.0597732,2020-04-21 17:00:00,100,101,102,103,104,105,"""CO""","""NO2""","""O3""","""PM10""","""PM25""","""SO2""","[100,101,102,103,104,105]","[2.2,3.8,36.8,0,25,1.5]","[""CO"",""NO2"",""O3"",""PM10"",""PM25"",""SO2""]"
216,Nashville,pm25,30,0,0.0,70.0,0.0,30,0.0,0.0,0.0,https://api.waqi.info/feed/Nashville/?token=bd172ccd0d19725d38d3d7086152eb37525dfec4,36.1767,-86.7386,2020-03-02 23:00:00,100,101,102,103,104,105,"""CO""","""NO2""","""O3""","""PM10""","""PM25""","""SO2""","[100,101,102,103,104,105]","[0.0,0.0,0.0,0,30,0.0]","[""CO"",""NO2"",""O3"",""PM10"",""PM25"",""SO2""]"
217,Portland,o3,26,0,0.0,59.0,1.5,17,0.1,0.1,25.6,https://api.waqi.info/feed/Portland/?token=bd172ccd0d19725d38d3d7086152eb37525dfec4,45.496640911,-122.60287735,2020-04-21 14:00:00,100,101,102,103,104,105,"""CO""","""NO2""","""O3""","""PM10""","""PM25""","""SO2""","[100,101,102,103,104,105]","[0.1,1.5,25.6,0,17,0.1]","[""CO"",""NO2"",""O3"",""PM10"",""PM25"",""SO2""]"
218,Las Vegas,pm25,19,14,2.0,21.0,1.7,19,0.2,0.1,7.4,https://api.waqi.info/feed/Las%20Vegas/?token=bd172ccd0d19725d38d3d7086152eb37525dfec4,36.16396,-115.11393,2020-04-21 13:00:00,100,101,102,103,104,105,"""CO""","""NO2""","""O3""","""PM10""","""PM25""","""SO2""","[100,101,102,103,104,105]","[0.1,1.7,7.4,14,19,0.2]","[""CO"",""NO2"",""O3"",""PM10"",""PM25"",""SO2""]"
219,Detroit,pm25,17,0,0.0,43.5,1.8,17,0.6,1.7,29.6,https://api.waqi.info/feed/Detroit/?token=bd172ccd0d19725d38d3d7086152eb37525dfec4,42.3149367,-83.0363633,2020-04-21 18:00:00,100,101,102,103,104,105,"""CO""","""NO2""","""O3""","""PM10""","""PM25""","""SO2""","[100,101,102,103,104,105]","[1.7,1.8,29.6,0,17,0.6]","[""CO"",""NO2"",""O3"",""PM10"",""PM25"",""SO2""]"
220,Oklahoma City,pm25,38,26,0.0,32.0,13.0,38,0.0,6.7,0.0,https://api.waqi.info/feed/Oklahoma%20City/?token=bd172ccd0d19725d38d3d7086152eb37525dfec4,35.502968,-97.577674,2020-04-21 16:00:00,100,101,102,103,104,105,"""CO""","""NO2""","""O3""","""PM10""","""PM25""","""SO2""","[100,101,102,103,104,105]","[6.7,13.0,0.0,26,38,0.0]","[""CO"",""NO2"",""O3"",""PM10"",""PM25"",""SO2""]"
221,Louisville,pm25,18,0,0.0,25.0,0.0,18,0.0,0.0,0.0,https://api.waqi.info/feed/Louisville/?token=bd172ccd0d19725d38d3d7086152eb37525dfec4,38.288191,-85.741337,2020-04-21 17:00:00,100,101,102,103,104,105,"""CO""","""NO2""","""O3""","""PM10""","""PM25""","""SO2""","[100,101,102,103,104,105]","[0.0,0.0,0.0,0,18,0.0]","[""CO"",""NO2"",""O3"",""PM10"",""PM25"",""SO2""]"
222,Baltimore,pm25,13,0,-4.0,23.0,2.8,13,0.0,0.0,0.0,https://api.waqi.info/feed/Baltimore/?token=bd172ccd0d19725d38d3d7086152eb37525dfec4,39.2981,-76.604698,2020-04-21 17:00:00,100,101,102,103,104,105,"""CO""","""NO2""","""O3""","""PM10""","""PM25""","""SO2""","[100,101,102,103,104,105]","[0.0,2.8,0.0,0,13,0.0]","[""CO"",""NO2"",""O3"",""PM10"",""PM25"",""SO2""]"
223,Milwaukee,o3,35,10,0.0,24.0,2.3,19,0.2,1.6,34.9,https://api.waqi.info/feed/Milwaukee/?token=bd172ccd0d19725d38d3d7086152eb37525dfec4,43.06122,-87.91352,2020-04-21 16:00:00,100,101,102,103,104,105,"""CO""","""NO2""","""O3""","""PM10""","""PM25""","""SO2""","[100,101,102,103,104,105]","[1.6,2.3,34.9,10,19,0.2]","[""CO"",""NO2"",""O3"",""PM10"",""PM25"",""SO2""]"
224,Albuquerque,o3,43,20,-7.0,14.0,0.0,19,0.0,0.9,43.2,https://api.waqi.info/feed/Albuquerque/?token=bd172ccd0d19725d38d3d7086152eb37525dfec4,35.0186,-106.651901,2020-04-21 14:00:00,100,101,102,103,104,105,"""CO""","""NO2""","""O3""","""PM10""","""PM25""","""SO2""","[100,101,102,103,104,105]","[0.9,0.0,43.2,20,19,0.0]","[""CO"",""NO2"",""O3"",""PM10"",""PM25"",""SO2""]"
225,Tucson,pm10,55,55,0.0,12.0,0.9,9,0.2,1.9,44.0,https://api.waqi.info/feed/Tucson/?token=bd172ccd0d19725d38d3d7086152eb37525dfec4,32.251846,-110.965296,2020-04-21 15:00:00,100,101,102,103,104,105,"""CO""","""NO2""","""O3""","""PM10""","""PM25""","""SO2""","[100,101,102,103,104,105]","[1.9,0.9,44.0,55,9,0.2]","[""CO"",""NO2"",""O3"",""PM10"",""PM25"",""SO2""]"
226,Fresno,pm25,31,15,0.0,51.6,1.0,31,1.5,1.7,28.9,https://api.waqi.info/feed/Fresno/?token=bd172ccd0d19725d38d3d7086152eb37525dfec4,36.78538,-119.77321,2020-04-21 14:00:00,100,101,102,103,104,105,"""CO""","""NO2""","""O3""","""PM10""","""PM25""","""SO2""","[100,101,102,103,104,105]","[1.7,1.0,28.9,15,31,1.5]","[""CO"",""NO2"",""O3"",""PM10"",""PM25"",""SO2""]"
227,Mesa,o3,42,20,0.0,20.0,0.0,25,0.0,2.3,42.4,https://api.waqi.info/feed/Mesa/?token=bd172ccd0d19725d38d3d7086152eb37525dfec4,33.410277777778,-111.865,2020-04-21 15:00:00,100,101,102,103,104,105,"""CO""","""NO2""","""O3""","""PM10""","""PM25""","""SO2""","[100,101,102,103,104,105]","[2.3,0.0,42.4,20,25,0.0]","[""CO"",""NO2"",""O3"",""PM10"",""PM25"",""SO2""]"
228,Kansas City,pm25,15,0,1.0,24.0,8.4,15,1.5,0.0,0.0,https://api.waqi.info/feed/Kansas%20City/?token=bd172ccd0d19725d38d3d7086152eb37525dfec4,39.10465,-94.57055,2020-04-21 16:00:00,100,101,102,103,104,105,"""CO""","""NO2""","""O3""","""PM10""","""PM25""","""SO2""","[100,101,102,103,104,105]","[0.0,8.4,0.0,0,15,1.5]","[""CO"",""NO2"",""O3"",""PM10"",""PM25"",""SO2""]"
229,Colorado Springs,pm10,10,10,0.0,37.0,0.0,9,0.6,1.0,7.0,https://api.waqi.info/feed/Colorado%20Springs/?token=bd172ccd0d19725d38d3d7086152eb37525dfec4,38.848014,-104.828564,2020-04-21 15:00:00,100,101,102,103,104,105,"""CO""","""NO2""","""O3""","""PM10""","""PM25""","""SO2""","[100,101,102,103,104,105]","[1.0,0.0,7.0,10,9,0.6]","[""CO"",""NO2"",""O3"",""PM10"",""PM25"",""SO2""]"
230,Miami,pm25,66,32,18.0,40.0,0.0,66,0.6,1.8,13.0,https://api.waqi.info/feed/Miami/?token=bd172ccd0d19725d38d3d7086152eb37525dfec4,25.794722222222,-80.215555555556,2020-04-21 16:00:00,100,101,102,103,104,105,"""CO""","""NO2""","""O3""","""PM10""","""PM25""","""SO2""","[100,101,102,103,104,105]","[1.8,0.0,13.0,32,66,0.6]","[""CO"",""NO2"",""O3"",""PM10"",""PM25"",""SO2""]"
231,Raleigh,o3,40,0,0.0,37.2,1.0,0,8.6,1.7,40.0,https://api.waqi.info/feed/Raleigh/?token=bd172ccd0d19725d38d3d7086152eb37525dfec4,35.856098,-78.574203,2020-04-21 17:00:00,100,101,102,103,104,105,"""CO""","""NO2""","""O3""","""PM10""","""PM25""","""SO2""","[100,101,102,103,104,105]","[1.7,1.0,40.0,0,0,8.6]","[""CO"",""NO2"",""O3"",""PM10"",""PM25"",""SO2""]"
232,Richmond,o3,19,0,0.0,46.5,0.8,0,0.1,0.1,19.0,https://api.waqi.info/feed/Richmond/?token=bd172ccd0d19725d38d3d7086152eb37525dfec4,37.55652,-77.40027,2020-04-21 17:00:00,100,101,102,103,104,105,"""CO""","""NO2""","""O3""","""PM10""","""PM25""","""SO2""","[100,101,102,103,104,105]","[0.1,0.8,19.0,0,0,0.1]","[""CO"",""NO2"",""O3"",""PM10"",""PM25"",""SO2""]"
233,Omaha,o3,34,31,0.0,25.0,0.0,9,1.5,1.8,34.4,https://api.waqi.info/feed/Omaha/?token=bd172ccd0d19725d38d3d7086152eb37525dfec4,41.2474,-95.9731,2020-04-21 16:00:00,100,101,102,103,104,105,"""CO""","""NO2""","""O3""","""PM10""","""PM25""","""SO2""","[100,101,102,103,104,105]","[1.8,0.0,34.4,31,9,1.5]","[""CO"",""NO2"",""O3"",""PM10"",""PM25"",""SO2""]"
234,Oakland,o3,24,0,0.0,62.5,7.5,21,1.5,3.9,24.1,https://api.waqi.info/feed/Oakland/?token=bd172ccd0d19725d38d3d7086152eb37525dfec4,37.793635,-122.263356,2020-04-21 14:00:00,100,101,102,103,104,105,"""CO""","""NO2""","""O3""","""PM10""","""PM25""","""SO2""","[100,101,102,103,104,105]","[3.9,7.5,24.1,0,21,1.5]","[""CO"",""NO2"",""O3"",""PM10"",""PM25"",""SO2""]"
235,Minneapolis,pm25,25,0,0.0,38.7,0.0,25,0.0,0.0,0.0,https://api.waqi.info/feed/Minneapolis/?token=bd172ccd0d19725d38d3d7086152eb37525dfec4,44.9536,-93.2581,2020-04-21 16:00:00,100,101,102,103,104,105,"""CO""","""NO2""","""O3""","""PM10""","""PM25""","""SO2""","[100,101,102,103,104,105]","[0.0,0.0,0.0,0,25,0.0]","[""CO"",""NO2"",""O3"",""PM10"",""PM25"",""SO2""]"
236,Arlington,o3,48,0,16.0,42.0,2.5,40,0.0,0.0,48.1,https://api.waqi.info/feed/Arlington/?token=bd172ccd0d19725d38d3d7086152eb37525dfec4,32.6563574,-97.0885849,2020-04-21 16:00:00,100,101,102,103,104,105,"""CO""","""NO2""","""O3""","""PM10""","""PM25""","""SO2""","[100,101,102,103,104,105]","[0.0,2.5,48.1,0,40,0.0]","[""CO"",""NO2"",""O3"",""PM10"",""PM25"",""SO2""]"
237,Tampa,o3,20,13,0.0,53.0,5.1,21,0.1,3.3,19.5,https://api.waqi.info/feed/Tampa/?token=bd172ccd0d19725d38d3d7086152eb37525dfec4,27.928333333333,-82.454444444444,2020-04-21 17:00:00,100,101,102,103,104,105,"""CO""","""NO2""","""O3""","""PM10""","""PM25""","""SO2""","[100,101,102,103,104,105]","[3.3,5.1,19.5,13,21,0.1]","[""CO"",""NO2"",""O3"",""PM10"",""PM25"",""SO2""]"
238,Tulsa,o3,42,0,0.0,36.0,11.2,24,1.5,3.4,42.4,https://api.waqi.info/feed/Tulsa/?token=bd172ccd0d19725d38d3d7086152eb37525dfec4,36.206699,-95.976402,2020-04-21 16:00:00,100,101,102,103,104,105,"""CO""","""NO2""","""O3""","""PM10""","""PM25""","""SO2""","[100,101,102,103,104,105]","[3.4,11.2,42.4,0,24,1.5]","[""CO"",""NO2"",""O3"",""PM10"",""PM25"",""SO2""]"
239,New Orleans,o3,32,0,0.0,40.1,5.6,17,0.6,1.2,32.0,https://api.waqi.info/feed/New%20Orleans/?token=bd172ccd0d19725d38d3d7086152eb37525dfec4,29.994444,-90.102778,2020-04-21 17:00:00,100,101,102,103,104,105,"""CO""","""NO2""","""O3""","""PM10""","""PM25""","""SO2""","[100,101,102,103,104,105]","[1.2,5.6,32.0,0,17,0.6]","[""CO"",""NO2"",""O3"",""PM10"",""PM25"",""SO2""]"
240,Fayetteville,pm25,30,12,0.0,37.3,0.0,30,0.0,0.0,0.0,https://api.waqi.info/feed/Fayetteville/?token=bd172ccd0d19725d38d3d7086152eb37525dfec4,35.041401,-78.953102,2020-04-21 17:00:00,100,101,102,103,104,105,"""CO""","""NO2""","""O3""","""PM10""","""PM25""","""SO2""","[100,101,102,103,104,105]","[0.0,0.0,0.0,12,30,0.0]","[""CO"",""NO2"",""O3"",""PM10"",""PM25"",""SO2""]"
241,Des Moines,o3,34,0,0.0,21.5,2.1,30,0.0,0.0,33.6,https://api.waqi.info/feed/Des%20Moines/?token=bd172ccd0d19725d38d3d7086152eb37525dfec4,41.603056,-93.643056,2020-04-21 17:00:00,100,101,102,103,104,105,"""CO""","""NO2""","""O3""","""PM10""","""PM25""","""SO2""","[100,101,102,103,104,105]","[0.0,2.1,33.6,0,30,0.0]","[""CO"",""NO2"",""O3"",""PM10"",""PM25"",""SO2""]"
242,Pittsburgh,o3,37,0,0.0,31.0,1.0,34,0.0,0.0,36.8,https://api.waqi.info/feed/Pittsburgh/?token=bd172ccd0d19725d38d3d7086152eb37525dfec4,40.4045579,-79.9102686,2020-04-21 15:00:00,100,101,102,103,104,105,"""CO""","""NO2""","""O3""","""PM10""","""PM25""","""SO2""","[100,101,102,103,104,105]","[0.0,1.0,36.8,0,34,0.0]","[""CO"",""NO2"",""O3"",""PM10"",""PM25"",""SO2""]"
243,Lancaster,o3,38,12,0.0,43.5,1.0,15,2.9,0.0,38.4,https://api.waqi.info/feed/Lancaster/?token=bd172ccd0d19725d38d3d7086152eb37525dfec4,40.0467,-76.2833,2020-04-21 16:00:00,100,101,102,103,104,105,"""CO""","""NO2""","""O3""","""PM10""","""PM25""","""SO2""","[100,101,102,103,104,105]","[0.0,1.0,38.4,12,15,2.9]","[""CO"",""NO2"",""O3"",""PM10"",""PM25"",""SO2""]"
244,Hartford,pm25,8,2,2.0,75.0,1.9,8,0.0,1.6,0.0,https://api.waqi.info/feed/Hartford/?token=bd172ccd0d19725d38d3d7086152eb37525dfec4,41.771444,-72.679923,2020-04-21 17:00:00,100,101,102,103,104,105,"""CO""","""NO2""","""O3""","""PM10""","""PM25""","""SO2""","[100,101,102,103,104,105]","[1.6,1.9,0.0,2,8,0.0]","[""CO"",""NO2"",""O3"",""PM10"",""PM25"",""SO2""]"
245,Knoxville,pm25,15,0,0.0,28.6,0.0,15,0.0,0.0,0.0,https://api.waqi.info/feed/Knoxville/?token=bd172ccd0d19725d38d3d7086152eb37525dfec4,35.9803,-83.9306,2020-04-21 17:00:00,100,101,102,103,104,105,"""CO""","""NO2""","""O3""","""PM10""","""PM25""","""SO2""","[100,101,102,103,104,105]","[0.0,0.0,0.0,0,15,0.0]","[""CO"",""NO2"",""O3"",""PM10"",""PM25"",""SO2""]"
246,Charleston,pm25,41,0,0.0,77.5,0.0,41,0.0,0.0,0.0,https://api.waqi.info/feed/Charleston/?token=bd172ccd0d19725d38d3d7086152eb37525dfec4,32.791,-79.959,2019-09-01 10:00:00,100,101,102,103,104,105,"""CO""","""NO2""","""O3""","""PM10""","""PM25""","""SO2""","[100,101,102,103,104,105]","[0.0,0.0,0.0,0,41,0.0]","[""CO"",""NO2"",""O3"",""PM10"",""PM25"",""SO2""]"
247,Harrisburg,o3,38,7,-4.0,34.0,1.0,17,2.9,0.0,37.6,https://api.waqi.info/feed/Harrisburg/?token=bd172ccd0d19725d38d3d7086152eb37525dfec4,40.246992,-76.846988,2020-04-21 16:00:00,100,101,102,103,104,105,"""CO""","""NO2""","""O3""","""PM10""","""PM25""","""SO2""","[100,101,102,103,104,105]","[0.0,1.0,37.6,7,17,2.9]","[""CO"",""NO2"",""O3"",""PM10"",""PM25"",""SO2""]"
248,Manchester,o3,31,25,0.0,70.0,5.6,40,3.7,0.0,30.7,https://api.waqi.info/feed/Manchester/?token=bd172ccd0d19725d38d3d7086152eb37525dfec4,53.48152,-2.237881,2020-04-21 22:00:00,100,101,102,103,104,105,"""CO""","""NO2""","""O3""","""PM10""","""PM25""","""SO2""","[100,101,102,103,104,105]","[0.0,5.6,30.7,25,40,3.7]","[""CO"",""NO2"",""O3"",""PM10"",""PM25"",""SO2""]"
249,Jacksonville,pm25,32,12,0.0,40.2,2.0,32,0.2,0.0,20.4,https://api.waqi.info/feed/Jacksonville/?token=bd172ccd0d19725d38d3d7086152eb37525dfec4,30.356388888889,-81.635277777778,2020-04-21 17:00:00,100,101,102,103,104,105,"""CO""","""NO2""","""O3""","""PM10""","""PM25""","""SO2""","[100,101,102,103,104,105]","[0.0,2.0,20.4,12,32,0.2]","[""CO"",""NO2"",""O3"",""PM10"",""PM25"",""SO2""]"
250,Lansing,o3,23,0,0.0,92.6,0.0,18,1.5,0.0,23.3,https://api.waqi.info/feed/Lansing/?token=bd172ccd0d19725d38d3d7086152eb37525dfec4,42.732535,-84.5555347,2020-02-13 12:00:00,100,101,102,103,104,105,"""CO""","""NO2""","""O3""","""PM10""","""PM25""","""SO2""","[100,101,102,103,104,105]","[0.0,0.0,23.3,0,18,1.5]","[""CO"",""NO2"",""O3"",""PM10"",""PM25"",""SO2""]"
251,Fort Wayne,o3,36,0,0.0,35.3,0.0,18,0.0,0.0,36.1,https://api.waqi.info/feed/Fort%20Wayne/?token=bd172ccd0d19725d38d3d7086152eb37525dfec4,41.094965,-85.101816,2020-04-21 17:00:00,100,101,102,103,104,105,"""CO""","""NO2""","""O3""","""PM10""","""PM25""","""SO2""","[100,101,102,103,104,105]","[0.0,0.0,36.1,0,18,0.0]","[""CO"",""NO2"",""O3"",""PM10"",""PM25"",""SO2""]"
252,Cincinnati,o3,40,13,0.0,14.5,1.9,21,1.5,1.4,40.0,https://api.waqi.info/feed/Cincinnati/?token=bd172ccd0d19725d38d3d7086152eb37525dfec4,39.12886,-84.50404,2020-04-21 17:00:00,100,101,102,103,104,105,"""CO""","""NO2""","""O3""","""PM10""","""PM25""","""SO2""","[100,101,102,103,104,105]","[1.4,1.9,40.0,13,21,1.5]","[""CO"",""NO2"",""O3"",""PM10"",""PM25"",""SO2""]"
253,Salt Lake City,o3,47,0,0.0,21.0,1.9,15,0.0,0.2,47.2,https://api.waqi.info/feed/Salt%20Lake%20City/?token=bd172ccd0d19725d38d3d7086152eb37525dfec4,40.733501,-111.871696,2020-04-21 16:00:00,100,101,102,103,104,105,"""CO""","""NO2""","""O3""","""PM10""","""PM25""","""SO2""","[100,101,102,103,104,105]","[0.2,1.9,47.2,0,15,0.0]","[""CO"",""NO2"",""O3"",""PM10"",""PM25"",""SO2""]"
254,Greenville,o3,42,0,8.0,38.0,0.0,34,0.0,0.0,41.6,https://api.waqi.info/feed/Greenville/?token=bd172ccd0d19725d38d3d7086152eb37525dfec4,35.638599,-77.358002,2020-04-21 17:00:00,100,101,102,103,104,105,"""CO""","""NO2""","""O3""","""PM10""","""PM25""","""SO2""","[100,101,102,103,104,105]","[0.0,0.0,41.6,0,34,0.0]","[""CO"",""NO2"",""O3"",""PM10"",""PM25"",""SO2""]"
255,Boise,o3,40,16,-1.0,21.0,1.9,103,1.5,3.4,40.3,https://api.waqi.info/feed/Boise/?token=bd172ccd0d19725d38d3d7086152eb37525dfec4,43.618889,-116.213611,2020-04-21 13:00:00,100,101,102,103,104,105,"""CO""","""NO2""","""O3""","""PM10""","""PM25""","""SO2""","[100,101,102,103,104,105]","[3.4,1.9,40.3,16,103,1.5]","[""CO"",""NO2"",""O3"",""PM10"",""PM25"",""SO2""]"
256,Langley,o3,16,6,0.0,54.0,1.2,7,0.2,0.1,16.0,https://api.waqi.info/feed/Langley/?token=bd172ccd0d19725d38d3d7086152eb37525dfec4,49.1328,-122.6942,2020-04-21 14:00:00,100,101,102,103,104,105,"""CO""","""NO2""","""O3""","""PM10""","""PM25""","""SO2""","[100,101,102,103,104,105]","[0.1,1.2,16.0,6,7,0.2]","[""CO"",""NO2"",""O3"",""PM10"",""PM25"",""SO2""]"
257,Abbotsford,pm25,17,8,0.0,63.0,1.5,17,0.4,0.1,14.2,https://api.waqi.info/feed/Abbotsford/?token=bd172ccd0d19725d38d3d7086152eb37525dfec4,49.0428,-122.3097,2020-04-21 14:00:00,100,101,102,103,104,105,"""CO""","""NO2""","""O3""","""PM10""","""PM25""","""SO2""","[100,101,102,103,104,105]","[0.1,1.5,14.2,8,17,0.4]","[""CO"",""NO2"",""O3"",""PM10"",""PM25"",""SO2""]"
258,Thunder Bay,o3,32,0,-18.0,21.0,1.3,13,0.0,0.0,32.0,https://api.waqi.info/feed/Thunder%20Bay/?token=bd172ccd0d19725d38d3d7086152eb37525dfec4,48.379389,-89.290167,2020-04-21 18:00:00,100,101,102,103,104,105,"""CO""","""NO2""","""O3""","""PM10""","""PM25""","""SO2""","[100,101,102,103,104,105]","[0.0,1.3,32.0,0,13,0.0]","[""CO"",""NO2"",""O3"",""PM10"",""PM25"",""SO2""]"
259,Winnipeg,pm10,7,7,0.0,76.2,4.7,6,0.0,4.6,0.0,https://api.waqi.info/feed/Winnipeg/?token=bd172ccd0d19725d38d3d7086152eb37525dfec4,49.89798,-97.1465,2020-02-13 08:00:00,100,101,102,103,104,105,"""CO""","""NO2""","""O3""","""PM10""","""PM25""","""SO2""","[100,101,102,103,104,105]","[4.6,4.7,0.0,7,6,0.0]","[""CO"",""NO2"",""O3"",""PM10"",""PM25"",""SO2""]"
260,Ottawa,pm25,9,0,0.0,49.0,1.5,9,0.2,1.6,27.2,https://api.waqi.info/feed/Ottawa/?token=bd172ccd0d19725d38d3d7086152eb37525dfec4,45.4215296,-75.6971931,2020-04-21 18:00:00,100,101,102,103,104,105,"""CO""","""NO2""","""O3""","""PM10""","""PM25""","""SO2""","[100,101,102,103,104,105]","[1.6,1.5,27.2,0,9,0.2]","[""CO"",""NO2"",""O3"",""PM10"",""PM25"",""SO2""]"
261,Vancouver,o3,17,8,0.0,62.0,1.1,9,0.2,0.1,16.7,https://api.waqi.info/feed/Vancouver/?token=bd172ccd0d19725d38d3d7086152eb37525dfec4,49.1864,-123.1522,2020-04-21 14:00:00,100,101,102,103,104,105,"""CO""","""NO2""","""O3""","""PM10""","""PM25""","""SO2""","[100,101,102,103,104,105]","[0.1,1.1,16.7,8,9,0.2]","[""CO"",""NO2"",""O3"",""PM10"",""PM25"",""SO2""]"
262,Burnaby,o3,17,5,0.0,57.5,1.2,5,0.4,0.1,16.8,https://api.waqi.info/feed/Burnaby/?token=bd172ccd0d19725d38d3d7086152eb37525dfec4,49.2794,-122.9711,2020-04-21 14:00:00,100,101,102,103,104,105,"""CO""","""NO2""","""O3""","""PM10""","""PM25""","""SO2""","[100,101,102,103,104,105]","[0.1,1.2,16.8,5,5,0.4]","[""CO"",""NO2"",""O3"",""PM10"",""PM25"",""SO2""]"
263,Saskatoon,pm25,17,0,0.0,0.0,1.9,17,0.0,0.0,9.4,https://api.waqi.info/feed/Saskatoon/?token=bd172ccd0d19725d38d3d7086152eb37525dfec4,52.1333972,-106.6832385,2019-07-25 19:00:00,100,101,102,103,104,105,"""CO""","""NO2""","""O3""","""PM10""","""PM25""","""SO2""","[100,101,102,103,104,105]","[0.0,1.9,9.4,0,17,0.0]","[""CO"",""NO2"",""O3"",""PM10"",""PM25"",""SO2""]"
264,Anchorage,co,2,5,0.0,75.0,0.0,5,0.0,2.3,0.0,https://api.waqi.info/feed/Anchorage/?token=bd172ccd0d19725d38d3d7086152eb37525dfec4,61.205861,-149.8246,2020-04-21 12:00:00,100,101,102,103,104,105,"""CO""","""NO2""","""O3""","""PM10""","""PM25""","""SO2""","[100,101,102,103,104,105]","[2.3,0.0,0.0,5,5,0.0]","[""CO"",""NO2"",""O3"",""PM10"",""PM25"",""SO2""]"
265,Fairbanks,pm25,5,1,3.0,93.0,0.0,5,1.5,2.3,14.0,https://api.waqi.info/feed/Fairbanks/?token=bd172ccd0d19725d38d3d7086152eb37525dfec4,64.8458,-147.72727,2020-04-21 12:00:00,100,101,102,103,104,105,"""CO""","""NO2""","""O3""","""PM10""","""PM25""","""SO2""","[100,101,102,103,104,105]","[2.3,0.0,14.0,1,5,1.5]","[""CO"",""NO2"",""O3"",""PM10"",""PM25"",""SO2""]"
266,Eagle River,pm10,41,41,0.0,85.0,0.0,0,0.0,0.0,0.0,https://api.waqi.info/feed/Eagle%20River/?token=bd172ccd0d19725d38d3d7086152eb37525dfec4,61.3267,-149.569707,2020-04-21 14:00:00,100,101,102,103,104,105,"""CO""","""NO2""","""O3""","""PM10""","""PM25""","""SO2""","[100,101,102,103,104,105]","[0.0,0.0,0.0,41,0,0.0]","[""CO"",""NO2"",""O3"",""PM10"",""PM25"",""SO2""]"
